Quality Score,Polymer,Used Sample Range Low (kD),Used Sample Range High (kD),Critical Range Low (kD),Critical Range High (kD),Number of Columns,Temperature (Celsius),Flow Rate (mL/min),Injection Volume,Number_of_Detectors,Solvents_1,Solvents_2,Solvent Ratio_1,Particle diameter (μm)_1,Particle diameter (μm)_2,Pore size (°A)_1,Pore size (°A)_2,BalabanJ,BertzCT,Chi0,Chi1,Chi0v,Chi1v,Chi2v,Chi3v,Chi4v,Chi0n,Chi1n,Chi2n,Chi3n,Chi4n,EState_VSA1,EState_VSA2,EState_VSA3,EState_VSA4,EState_VSA5,EState_VSA6,EState_VSA7,EState_VSA8,EState_VSA9,EState_VSA10,ExactMolWt,FractionCSP3,HallKierAlpha,HeavyAtomCount,HeavyAtomMolWt,lpc,Kappa1,Kappa2,Kappa3,LabuteASA,MolLogP,MolMR,MolWt,NHOHCount,NOCount,NumAliphaticCarbocycles,NumAliphaticHeterocycles,NumAlphaticRings,NumHAcceptors,NumHDonors,NumHeteroatoms,NumRotatableBonds,NumSaturatedCarbocycles,NumSaturatedHeterocycles,NumValenceElectrons,PEOE_VSA1,PEOE_VSA2,PEOE_VSA3,PEOE_VSA4,PEOE_VSA5,PEOE_VSA6,PEOE_VSA7,PEOE_VSA8,PEOE_VSA9,PEOE_VSA10,PEOE_VSA12,PEOE_VSA14,RingCount,SMR_VSA1,SMR_VSA2,SMR_VSA4,SMR_VSA5,SMR_VSA6,SMR_VSA7,SMR_VSA9,SMR_VSA10,SlogP_VSA1,SlogP_VSA2,SlogP_VSA3,SlogP_VSA4,SlogP_VSA5,SlogP_VSA6,SlogP_VSA7,SlogP_VSA11,TPSA,VSA_EState1,VSA_EState2,VSA_EState3,VSA_EState4,VSA_EState5,VSA_EState6,VSA_EState7,VSA_EState8,VSA_EState9,fr_Al_OH,fr_Al_OH_noTert,fr_C_O,fr_C_O_noCOO,fr_NH0,fr_aldehyde,fr_allytic_oxid,fr_aryl_methyl,fr_benzene,fr_bicyclic,fr_epoxide,fr_ester,fr_ether,fr_ketone,fr_ketone_Topliss,fr_methoxy,fr_nitrile,fr_nitro,fr_para_hydroxylation,fr_sulfone,fr_unbrch_alkane,MaxAbsEStateIndex,MaxAbsPartialCharge,MaxEStateIndex,MaxPartialCharge,MinAbsEStateIndex,MinAbsPartialCharge,MinEStateIndex,MinPartialCharge,Stationary Phase_Betasil Si,Stationary Phase_C18,"Stationary Phase_C18, Nucleosil C18",Stationary Phase_Eurospher II NH2,Stationary Phase_Hypersil C18,Stationary Phase_Inertsil WP300 C18,Stationary Phase_Jordi Gel DVB,Stationary Phase_Jupiter C18,Stationary Phase_Kromasil C18,Stationary Phase_LiChrosorb Si,Stationary Phase_LiChrospher Si,Stationary Phase_Luna C18,Stationary Phase_Lunasil C18,Stationary Phase_Lunasil Si,Stationary Phase_Macroporous glass,Stationary Phase_Novapak C18,Stationary Phase_Nucleosil C18,Stationary Phase_Nucleosil C18 AB,Stationary Phase_Nucleosil NH2,Stationary Phase_Nucleosil Si,Stationary Phase_PLgel PS/DVB gel,Stationary Phase_PS/DVB gel Eurogel PRP 100,Stationary Phase_Prontosil C18,Stationary Phase_Resolve Si,Stationary Phase_Si,Stationary Phase_Si 5SIL 20E,Stationary Phase_Si NH2,Stationary Phase_Supelco C18,Stationary Phase_Symmetry C18,"Stationary Phase_Symmetry C18, Nucleosil C18",Stationary Phase_TSKgel ODS-80Ts QA,Stationary Phase_YMC RP,Stationary Phase_YMC-ODSA ,Stationary Phase_μBondapak NH2,Stationary Phase_μStyragel HT,Base Material_PS/DVB,Base Material_Silica,Base Material Modification_NH2,Base Material Modification_No Modifications,Base Material Modification_Unknown,Phase_Reverse
10,Polystyrene,3.7,680.0,3.7,100.0,1.0,25.0,1.0,20.0,1,Hexane,Tetrahydrofuran,53.0,5.0,0,100.0,0,4.422425648309624,23.60964047443681,8.363961030678928,5.414213562373095,8.065102539956243,4.99156383156272,3.026585998068889,1.784457050376173,1.010310363079828,8.065102539956243,4.99156383156272,3.026585998068889,1.784457050376173,1.010310363079828,0.0,0.0,0.0,13.21376392902584,38.52492973755606,0.0,0.0,13.84747439938125,4.736862953800049,0.0,158.167065324,2.0,-0.04,11,136.109,1554,9.161612903225805,6.410312174817898,4.618363683662851,72.50575304680962,3.383400000000001,49.86899999999999,158.285,0,1,0,1,1554,1,0,1,3,0,1,68,4.736862953800049,0.0,0,0.0,0.0,39.53076089108528,12.84164324585202,13.21376392902584,0.0,0.0,0,0.0,1,4.736862953800049,0.0,0.0,52.3724041369373,13.21376392902584,0.0,0.0,0.0,0,13.21376392902584,4.736862953800049,0.0,52.3724041369373,0.0,0.0,0,9.23,4.944444444444445,0.0,0.0,0.0,0.0,0.0,8.091944444444444,6.463611111111111,0,0,0,0,0,0,0,1554,0,0,0,0,0,1,0,0,0,0,0,0,0,3,7.17625,0.4468317665608418,7.17625,-0.00694053240252674,2.355,0.1002168721022101,2.355,-0.4468317665608418,0,0,0,0,0,0,0,0,0,0,0,0,0,0,0,0,0,0,0,1,0,0,0,0,0,0,0,0,0,0,0,0,0,0,0,0,1,0,1,0,0
9,Polystyrene,3.7,3220.0,3.7,1200.0,1.0,25.0,1.0,20.0,1,Tetrahydrofuran,Hexane,50.0,5.0,0,1000.0,0,4.422425648309624,23.60964047443681,8.363961030678928,5.414213562373095,8.065102539956243,4.99156383156272,3.026585998068889,1.784457050376173,1.010310363079828,8.065102539956243,4.99156383156272,3.026585998068889,1.784457050376173,1.010310363079828,0.0,0.0,0.0,13.21376392902584,38.52492973755606,0.0,0.0,13.84747439938125,4.736862953800049,0.0,158.167065324,2.0,-0.04,11,136.109,1554,9.161612903225805,6.410312174817898,4.618363683662851,72.50575304680962,3.383400000000001,49.86899999999999,158.285,0,1,0,1,1554,1,0,1,3,0,1,68,4.736862953800049,0.0,0,0.0,0.0,39.53076089108528,12.84164324585202,13.21376392902584,0.0,0.0,0,0.0,1,4.736862953800049,0.0,0.0,52.3724041369373,13.21376392902584,0.0,0.0,0.0,0,13.21376392902584,4.736862953800049,0.0,52.3724041369373,0.0,0.0,0,9.23,4.944444444444445,0.0,0.0,0.0,0.0,0.0,8.091944444444444,6.463611111111111,0,0,0,0,0,0,0,1554,0,0,0,0,0,1,0,0,0,0,0,0,0,3,7.17625,0.4468317665608418,7.17625,-0.00694053240252674,2.355,0.1002168721022101,2.355,-0.4468317665608418,0,0,0,0,0,0,0,0,0,0,0,0,0,0,0,0,0,0,0,1,0,0,0,0,0,0,0,0,0,0,0,0,0,0,0,0,1,0,1,0,0
9,Polystyrene,1.0,1000.0,1.0,1000.0,2.0,25.0,0.510810375213623,29.78565216064453,2,Hexane,Tetrahydrofuran,56.6,5.0,5,300.0,1000,4.422425648309624,23.60964047443681,8.363961030678928,5.414213562373095,8.065102539956243,4.99156383156272,3.026585998068889,1.784457050376173,1.010310363079828,8.065102539956243,4.99156383156272,3.026585998068889,1.784457050376173,1.010310363079828,0.0,0.0,0.0,13.21376392902584,38.52492973755606,0.0,0.0,13.84747439938125,4.736862953800049,0.0,158.167065324,2.0,-0.04,11,136.109,1554,9.161612903225805,6.410312174817898,4.618363683662851,72.50575304680962,3.383400000000001,49.86899999999999,158.285,0,1,0,1,1554,1,0,1,3,0,1,68,4.736862953800049,0.0,0,0.0,0.0,39.53076089108528,12.84164324585202,13.21376392902584,0.0,0.0,0,0.0,1,4.736862953800049,0.0,0.0,52.3724041369373,13.21376392902584,0.0,0.0,0.0,0,13.21376392902584,4.736862953800049,0.0,52.3724041369373,0.0,0.0,0,9.23,4.944444444444445,0.0,0.0,0.0,0.0,0.0,8.091944444444444,6.463611111111111,0,0,0,0,0,0,0,1554,0,0,0,0,0,1,0,0,0,0,0,0,0,3,7.17625,0.4468317665608418,7.17625,-0.00694053240252674,2.355,0.1002168721022101,2.355,-0.4468317665608418,0,0,0,0,0,0,0,0,0,0,0,0,0,0,0,0,1,0,0,0,0,0,0,0,0,0,0,0,0,0,0,0,0,0,0,0,1,0,0,0,1
9,Polystyrene,2.0,2890.0,2.0,2890.0,1.0,36.0,0.5,50.0,2,Dichloromethane,Acetonitrile,57.0,5.0,0,100.0,0,4.108527367383008,21.50977500432694,5.414213562373094,2.82842712474619,4.922107214741869,2.327174249224525,1.132744087846969,0.0,0.0,3.41024932270496,1.258129281574828,0.3246220522052001,0.0,0.0,0.0,5.33918526701467,0.0,0.0,6.923737199690624,6.069221312792274,0.0,0.0,28.46377133520352,0.0,124.97990452,1.5,0.06999999999999995,6,120.946,1554,6.070000000000001,4.070000000000002,4.07,48.84255630528777,1.95138,27.86,125.986,0,1,0,0,1554,1,0,3,0,0,0,36,0.0,0.0,0,5.261891554738487,23.20187978046503,0.0,0.0,6.923737199690624,11.40840657980694,0.0,0,0.0,0,0.0,5.261891554738487,0.0,6.923737199690624,5.33918526701467,0.0,6.069221312792274,23.20187978046503,0,5.33918526701467,0.0,11.33111286753076,6.923737199690624,0.0,0.0,0,23.79,0.0,0.0,7.513888888888889,0.0,0.0,1.75,0.0,1.430555555555556,0,0,0,0,0,1,0,1554,0,0,0,0,0,0,0,0,0,1,0,0,0,0,12.08333333333333,0.3077907558270286,12.08333333333333,0.155421214147741,1.625000000000001,0.155421214147741,1.625000000000001,-0.3077907558270286,0,0,0,0,0,0,0,0,0,0,0,0,0,0,0,0,1,0,0,0,0,0,0,0,0,0,0,0,0,0,0,0,0,0,0,0,1,0,0,0,1
9,Polystyrene,2.0,17.5,2.0,17.5,1.0,130.0,7.0,0.2,1,Acetonitrile,Dichloromethane,65.0,3.5,0,100.0,0,4.108527367383008,21.50977500432694,5.414213562373094,2.82842712474619,4.922107214741869,2.327174249224525,1.132744087846969,0.0,0.0,3.41024932270496,1.258129281574828,0.3246220522052001,0.0,0.0,0.0,5.33918526701467,0.0,0.0,6.923737199690624,6.069221312792274,0.0,0.0,28.46377133520352,0.0,124.97990452,1.5,0.06999999999999995,6,120.946,1554,6.070000000000001,4.070000000000002,4.07,48.84255630528777,1.95138,27.86,125.986,0,1,0,0,1554,1,0,3,0,0,0,36,0.0,0.0,0,5.261891554738487,23.20187978046503,0.0,0.0,6.923737199690624,11.40840657980694,0.0,0,0.0,0,0.0,5.261891554738487,0.0,6.923737199690624,5.33918526701467,0.0,6.069221312792274,23.20187978046503,0,5.33918526701467,0.0,11.33111286753076,6.923737199690624,0.0,0.0,0,23.79,0.0,0.0,7.513888888888889,0.0,0.0,1.75,0.0,1.430555555555556,0,0,0,0,0,1,0,1554,0,0,0,0,0,0,0,0,0,1,0,0,0,0,12.08333333333333,0.3077907558270286,12.08333333333333,0.155421214147741,1.625000000000001,0.155421214147741,1.625000000000001,-0.3077907558270286,0,0,0,0,0,0,0,0,1,0,0,0,0,0,0,0,0,0,0,0,0,0,0,0,0,0,0,0,0,0,0,0,0,0,0,0,1,0,0,0,1
7,Polystyrene,1.8,450.0,1.844236612319946,415.4710083007812,1.0,35.0,0.5,5.0,1,Acetonitrile,Tetrahydrofuran,53.0,4.0,0,60.0,0,4.558867538860889,33.11941547876375,6.242640687119286,3.914213562373095,5.183889010710011,2.800957066939604,1.543086014632321,0.8273502691896256,0.5103103630798287,5.183889010710011,2.800957066939604,1.543086014632321,0.8273502691896256,0.5103103630798287,0.0,0.0,0.0,13.21376392902584,19.76538044554265,6.069221312792274,0.0,0.0,9.998754508538536,0.0,113.084063972,1.5,-0.55,8,102.072,1554,5.651612903225807,2.9003121748179,2.10836368366285,51.4385642706919,1.32668,31.34,113.16,0,2,0,1,1554,2,0,2,0,0,1,46,4.736862953800049,0.0,0,5.261891554738487,0.0,0.0,12.84164324585202,20.13750112871647,6.069221312792274,0.0,0,0.0,1,4.736862953800049,5.261891554738487,0.0,19.76538044554265,13.21376392902584,0.0,6.069221312792274,0.0,0,13.21376392902584,4.736862953800049,11.33111286753076,19.76538044554265,0.0,0.0,0,33.02,4.944444444444445,0.0,7.319444444444445,0.0,0.0,1.75,2.555555555555555,3.430555555555556,0,0,0,0,0,1,0,1554,0,0,0,0,0,1,0,0,0,1,0,0,0,0,12.26388888888889,0.5801078078892417,12.26388888888889,0.1053529936210908,2.430555555555556,0.1053529936210908,2.430555555555556,-0.5801078078892417,0,0,0,0,0,0,0,0,0,0,0,0,0,0,0,1,0,0,0,0,0,0,0,0,0,0,0,0,0,0,0,0,0,0,0,0,1,0,0,0,1
7,Polystyrene,1.8,450.0,1.842788934707642,427.6651306152344,1.0,25.0,0.5,5.0,1,Dichloromethane,Acetonitrile,58.0,4.0,0,60.0,0,4.108527367383008,21.50977500432694,5.414213562373094,2.82842712474619,4.922107214741869,2.327174249224525,1.132744087846969,0.0,0.0,3.41024932270496,1.258129281574828,0.3246220522052001,0.0,0.0,0.0,5.33918526701467,0.0,0.0,6.923737199690624,6.069221312792274,0.0,0.0,28.46377133520352,0.0,124.97990452,1.5,0.06999999999999995,6,120.946,1554,6.070000000000001,4.070000000000002,4.07,48.84255630528777,1.95138,27.86,125.986,0,1,0,0,1554,1,0,3,0,0,0,36,0.0,0.0,0,5.261891554738487,23.20187978046503,0.0,0.0,6.923737199690624,11.40840657980694,0.0,0,0.0,0,0.0,5.261891554738487,0.0,6.923737199690624,5.33918526701467,0.0,6.069221312792274,23.20187978046503,0,5.33918526701467,0.0,11.33111286753076,6.923737199690624,0.0,0.0,0,23.79,0.0,0.0,7.513888888888889,0.0,0.0,1.75,0.0,1.430555555555556,0,0,0,0,0,1,0,1554,0,0,0,0,0,0,0,0,0,1,0,0,0,0,12.08333333333333,0.3077907558270286,12.08333333333333,0.155421214147741,1.625000000000001,0.155421214147741,1.625000000000001,-0.3077907558270286,0,0,0,0,0,0,0,0,0,0,0,0,0,0,0,1,0,0,0,0,0,0,0,0,0,0,0,0,0,0,0,0,0,0,0,0,1,0,0,0,1
7,Polystyrene,1.8,450.0,1.847297191619873,422.0120239257812,1.0,27.0,0.5,5.0,1,Dichloromethane,Acetonitrile,58.0,7.0,0,100.0,0,4.108527367383008,21.50977500432694,5.414213562373094,2.82842712474619,4.922107214741869,2.327174249224525,1.132744087846969,0.0,0.0,3.41024932270496,1.258129281574828,0.3246220522052001,0.0,0.0,0.0,5.33918526701467,0.0,0.0,6.923737199690624,6.069221312792274,0.0,0.0,28.46377133520352,0.0,124.97990452,1.5,0.06999999999999995,6,120.946,1554,6.070000000000001,4.070000000000002,4.07,48.84255630528777,1.95138,27.86,125.986,0,1,0,0,1554,1,0,3,0,0,0,36,0.0,0.0,0,5.261891554738487,23.20187978046503,0.0,0.0,6.923737199690624,11.40840657980694,0.0,0,0.0,0,0.0,5.261891554738487,0.0,6.923737199690624,5.33918526701467,0.0,6.069221312792274,23.20187978046503,0,5.33918526701467,0.0,11.33111286753076,6.923737199690624,0.0,0.0,0,23.79,0.0,0.0,7.513888888888889,0.0,0.0,1.75,0.0,1.430555555555556,0,0,0,0,0,1,0,1554,0,0,0,0,0,0,0,0,0,1,0,0,0,0,12.08333333333333,0.3077907558270286,12.08333333333333,0.155421214147741,1.625000000000001,0.155421214147741,1.625000000000001,-0.3077907558270286,0,0,0,0,0,0,0,0,0,0,0,0,0,0,0,0,1,0,0,0,0,0,0,0,0,0,0,0,0,0,0,0,0,0,0,0,1,0,0,0,1
7,Polystyrene,1.8,450.0,1.851091146469116,412.462890625,1.0,31.0,0.5,5.0,1,Dichloromethane,Acetonitrile,58.0,7.0,0,4000.0,0,4.108527367383008,21.50977500432694,5.414213562373094,2.82842712474619,4.922107214741869,2.327174249224525,1.132744087846969,0.0,0.0,3.41024932270496,1.258129281574828,0.3246220522052001,0.0,0.0,0.0,5.33918526701467,0.0,0.0,6.923737199690624,6.069221312792274,0.0,0.0,28.46377133520352,0.0,124.97990452,1.5,0.06999999999999995,6,120.946,1554,6.070000000000001,4.070000000000002,4.07,48.84255630528777,1.95138,27.86,125.986,0,1,0,0,1554,1,0,3,0,0,0,36,0.0,0.0,0,5.261891554738487,23.20187978046503,0.0,0.0,6.923737199690624,11.40840657980694,0.0,0,0.0,0,0.0,5.261891554738487,0.0,6.923737199690624,5.33918526701467,0.0,6.069221312792274,23.20187978046503,0,5.33918526701467,0.0,11.33111286753076,6.923737199690624,0.0,0.0,0,23.79,0.0,0.0,7.513888888888889,0.0,0.0,1.75,0.0,1.430555555555556,0,0,0,0,0,1,0,1554,0,0,0,0,0,0,0,0,0,1,0,0,0,0,12.08333333333333,0.3077907558270286,12.08333333333333,0.155421214147741,1.625000000000001,0.155421214147741,1.625000000000001,-0.3077907558270286,0,0,0,0,0,0,0,0,0,0,0,0,0,0,0,0,1,0,0,0,0,0,0,0,0,0,0,0,0,0,0,0,0,0,0,0,1,0,0,0,1
7,Polystyrene,1.8,450.0,1.861851453781128,422.8800048828125,1.0,25.0,0.5,5.0,1,Dichloromethane,Acetonitrile,50.0,10.0,0,100.0,0,4.108527367383008,21.50977500432694,5.414213562373094,2.82842712474619,4.922107214741869,2.327174249224525,1.132744087846969,0.0,0.0,3.41024932270496,1.258129281574828,0.3246220522052001,0.0,0.0,0.0,5.33918526701467,0.0,0.0,6.923737199690624,6.069221312792274,0.0,0.0,28.46377133520352,0.0,124.97990452,1.5,0.06999999999999995,6,120.946,1554,6.070000000000001,4.070000000000002,4.07,48.84255630528777,1.95138,27.86,125.986,0,1,0,0,1554,1,0,3,0,0,0,36,0.0,0.0,0,5.261891554738487,23.20187978046503,0.0,0.0,6.923737199690624,11.40840657980694,0.0,0,0.0,0,0.0,5.261891554738487,0.0,6.923737199690624,5.33918526701467,0.0,6.069221312792274,23.20187978046503,0,5.33918526701467,0.0,11.33111286753076,6.923737199690624,0.0,0.0,0,23.79,0.0,0.0,7.513888888888889,0.0,0.0,1.75,0.0,1.430555555555556,0,0,0,0,0,1,0,1554,0,0,0,0,0,0,0,0,0,1,0,0,0,0,12.08333333333333,0.3077907558270286,12.08333333333333,0.155421214147741,1.625000000000001,0.155421214147741,1.625000000000001,-0.3077907558270286,0,0,0,0,0,0,0,0,0,0,0,0,0,0,0,0,0,0,0,0,1,0,0,0,0,0,0,0,0,0,0,0,0,0,0,1,0,0,1,0,1
7,Polystyrene,1.8,450.0,1.924691677093506,415.7120361328125,1.0,45.0,0.5,5.0,1,Dichloromethane,Hexane,61.0,5.0,0,90.0,0,3.972085476831743,12.0,7.535533905932737,4.32842712474619,7.803320743988101,4.517781013847641,2.616244071283536,0.9571067811865472,0.4999999999999998,6.291462851951191,3.448736046197943,1.808122035641768,0.9571067811865472,0.4999999999999998,0.0,5.33918526701467,0.0,0.0,25.68328649170404,0.0,0.0,13.84747439938125,23.20187978046503,0.0,170.062905872,2.0,0.58,9,154.983,1554,9.58,7.58,6.580000000000001,69.90974508140549,4.008100000000001,46.38899999999998,171.111,0,0,0,0,1554,0,0,2,3,0,0,58,0.0,0.0,0,0.0,23.20187978046503,39.53076089108528,0.0,0.0,5.33918526701467,0.0,0,0.0,0,0.0,0.0,0.0,39.53076089108528,5.33918526701467,0.0,0.0,23.20187978046503,0,5.33918526701467,0.0,0.0,39.53076089108528,0.0,0.0,0,0.0,0.0,0.0,0.1944444444444446,0.0,0.0,0.0,5.536388888888888,4.463611111111111,0,0,0,0,0,0,0,1554,0,0,0,0,0,0,0,0,0,0,0,0,0,3,6.995694444444443,0.1745147144986288,6.995694444444443,0.04312768812412354,1.549444444444445,0.1502850926288604,1.549444444444445,-0.1745147144986288,0,0,0,0,0,0,0,0,0,0,0,0,0,0,0,0,0,0,0,0,0,0,0,1,0,0,0,0,0,0,0,0,0,0,0,0,1,0,1,0,0
7,Polystyrene,1.8,450.0,1.812740564346313,421.2365112304688,1.0,25.0,0.5,5.0,1,Hexane,Dichloromethane,52.0,10.0,0,125.0,0,3.972085476831743,12.0,7.535533905932737,4.32842712474619,7.803320743988101,4.517781013847641,2.616244071283536,0.9571067811865472,0.4999999999999998,6.291462851951191,3.448736046197943,1.808122035641768,0.9571067811865472,0.4999999999999998,0.0,5.33918526701467,0.0,0.0,25.68328649170404,0.0,0.0,13.84747439938125,23.20187978046503,0.0,170.062905872,2.0,0.58,9,154.983,1554,9.58,7.58,6.580000000000001,69.90974508140549,4.008100000000001,46.38899999999998,171.111,0,0,0,0,1554,0,0,2,3,0,0,58,0.0,0.0,0,0.0,23.20187978046503,39.53076089108528,0.0,0.0,5.33918526701467,0.0,0,0.0,0,0.0,0.0,0.0,39.53076089108528,5.33918526701467,0.0,0.0,23.20187978046503,0,5.33918526701467,0.0,0.0,39.53076089108528,0.0,0.0,0,0.0,0.0,0.0,0.1944444444444446,0.0,0.0,0.0,5.536388888888888,4.463611111111111,0,0,0,0,0,0,0,1554,0,0,0,0,0,0,0,0,0,0,0,0,0,3,6.995694444444443,0.1745147144986288,6.995694444444443,0.04312768812412354,1.549444444444445,0.1502850926288604,1.549444444444445,-0.1745147144986288,0,0,0,0,0,0,0,0,0,0,0,0,0,0,0,0,0,0,0,0,0,0,0,0,0,0,0,0,0,0,0,0,0,1,0,0,1,1,0,0,0
7,Polystyrene,1.8,450.0,1.924691677093506,415.7120361328125,1.0,58.0,0.5,5.0,1,Tetrahydrofuran,Water,86.0,4.0,0,60.0,0,2.083333333333333,11.60964047443681,3.535533905932738,2.5,3.736675415210053,2.077350269189625,1.319479216882342,0.8273502691896256,0.5103103630798287,3.736675415210053,2.077350269189625,1.319479216882342,0.8273502691896256,0.5103103630798287,0.0,5.476191835881363,0.0,13.21376392902584,12.84164324585202,0.0,0.0,0.0,4.736862953800049,0.0,90.06807956,1.0,-0.08,6,80.042,1554,4.121612903225808,-25.62968782518213,-103.4216363163373,38.79102263531512,-0.02790000000000004,23.6668,90.122,2,2,0,1,1554,1,0,2,0,0,1,38,10.21305478968141,0.0,0,0.0,0.0,0.0,12.84164324585202,13.21376392902584,0.0,0.0,0,0.0,1,10.21305478968141,0.0,0.0,12.84164324585202,13.21376392902584,0.0,0.0,0.0,0,18.6899557649072,4.736862953800049,0.0,12.84164324585202,0.0,0.0,0,40.73,4.944444444444445,0.0,0.0,0.0,0.0,0.0,2.555555555555555,2.0,0,0,0,0,0,0,0,1554,0,0,0,0,0,1,0,0,0,0,0,0,0,0,4.944444444444445,0.7929589039001408,4.944444444444445,-0.3648713520875809,1.0,0.4581476917872643,1.0,-0.7929589039001408,0,0,0,0,0,0,0,0,0,0,0,0,0,0,0,1,0,0,0,0,0,0,0,0,0,0,0,0,0,0,0,0,0,0,0,0,1,0,0,0,1
9,Polystyrene,20.0,200.0,20.0,200.0,2.0,25.0,0.5,20.0,2,Acetonitrile,Tetrahydrofuran,51.0,5.0,7,300.0,1000,4.558867538860889,33.11941547876375,6.242640687119286,3.914213562373095,5.183889010710011,2.800957066939604,1.543086014632321,0.8273502691896256,0.5103103630798287,5.183889010710011,2.800957066939604,1.543086014632321,0.8273502691896256,0.5103103630798287,0.0,0.0,0.0,13.21376392902584,19.76538044554265,6.069221312792274,0.0,0.0,9.998754508538536,0.0,113.084063972,1.5,-0.55,8,102.072,1554,5.651612903225807,2.9003121748179,2.10836368366285,51.4385642706919,1.32668,31.34,113.16,0,2,0,1,1554,2,0,2,0,0,1,46,4.736862953800049,0.0,0,5.261891554738487,0.0,0.0,12.84164324585202,20.13750112871647,6.069221312792274,0.0,0,0.0,1,4.736862953800049,5.261891554738487,0.0,19.76538044554265,13.21376392902584,0.0,6.069221312792274,0.0,0,13.21376392902584,4.736862953800049,11.33111286753076,19.76538044554265,0.0,0.0,0,33.02,4.944444444444445,0.0,7.319444444444445,0.0,0.0,1.75,2.555555555555555,3.430555555555556,0,0,0,0,0,1,0,1554,0,0,0,0,0,1,0,0,0,1,0,0,0,0,12.26388888888889,0.5801078078892417,12.26388888888889,0.1053529936210908,2.430555555555556,0.1053529936210908,2.430555555555556,-0.5801078078892417,0,0,0,0,0,0,0,0,0,0,0,0,0,0,0,0,1,0,0,0,0,0,0,0,0,0,0,0,0,0,0,0,0,0,0,0,1,0,0,0,1
9,Polystyrene,0.4,2145.0,0.7734208106994629,275.5946044921875,1.0,31.0,0.8333333333333334,16.98878860473633,1,Tetrachloromethane,Chloroform,95.5,28.5,0,125.0,0,5.347505791798268,20.26466250649041,8.077350269189626,3.732050807568877,9.014604202383397,4.231747850179294,6.084065324017129,0.0,0.0,3.723101580254217,1.410582616726431,0.6760072582241252,0.0,0.0,7.547169269868485,0.0,0.0,0.0,0.0,0.0,0.0,0.0,81.20657923162761,0.0,269.789793792,2.0,2.03,9,272.193,1554,11.03,3.870246189737359,51.55146915048225,89.60136564383083,4.5393,47.49,273.201,0,0,0,0,1554,0,0,7,0,0,0,58,0.0,0.0,0,0.0,0.0,81.20657923162761,0.0,0.0,0.0,0.0,0,0.0,0,0.0,0.0,0.0,7.547169269868485,0.0,0.0,0.0,81.20657923162761,0,7.547169269868485,0.0,0.0,0.0,0.0,0.0,0,0.0,-2.361111111111111,0.0,0.0,0.0,0.0,0.0,0.0,0.0,0,0,0,0,0,0,0,1554,0,0,0,0,0,0,0,0,0,0,0,0,0,0,9.631944444444443,0.445791846765332,9.631944444444443,0.445791846765332,2.361111111111111,0.1538328306009282,-2.361111111111111,-0.1538328306009282,0,0,0,0,0,0,0,0,0,0,0,0,0,0,1,0,0,0,0,0,0,0,0,0,0,0,0,0,0,0,0,0,0,0,0,0,1,0,0,1,0
8,Polystyrene,19.0,426.0,19.0,426.0,2.0,25.0,0.4607331454753876,4.193149566650391,2,Acetonitrile,Tetrahydrofuran,50.6,5.0,5,300.0,1000,4.558867538860889,33.11941547876375,6.242640687119286,3.914213562373095,5.183889010710011,2.800957066939604,1.543086014632321,0.8273502691896256,0.5103103630798287,5.183889010710011,2.800957066939604,1.543086014632321,0.8273502691896256,0.5103103630798287,0.0,0.0,0.0,13.21376392902584,19.76538044554265,6.069221312792274,0.0,0.0,9.998754508538536,0.0,113.084063972,1.5,-0.55,8,102.072,1554,5.651612903225807,2.9003121748179,2.10836368366285,51.4385642706919,1.32668,31.34,113.16,0,2,0,1,1554,2,0,2,0,0,1,46,4.736862953800049,0.0,0,5.261891554738487,0.0,0.0,12.84164324585202,20.13750112871647,6.069221312792274,0.0,0,0.0,1,4.736862953800049,5.261891554738487,0.0,19.76538044554265,13.21376392902584,0.0,6.069221312792274,0.0,0,13.21376392902584,4.736862953800049,11.33111286753076,19.76538044554265,0.0,0.0,0,33.02,4.944444444444445,0.0,7.319444444444445,0.0,0.0,1.75,2.555555555555555,3.430555555555556,0,0,0,0,0,1,0,1554,0,0,0,0,0,1,0,0,0,1,0,0,0,0,12.26388888888889,0.5801078078892417,12.26388888888889,0.1053529936210908,2.430555555555556,0.1053529936210908,2.430555555555556,-0.5801078078892417,0,0,0,0,0,0,0,0,0,0,0,0,0,0,0,0,1,0,0,0,0,0,0,0,0,0,0,0,0,0,0,0,0,0,0,0,1,0,0,0,1
8,Polystyrene,1.0,135.0,1.024011611938477,133.4201202392578,1.0,25.0,1.0,20.0,1,Tetrahydrofuran,Hexane,56.4,5.0,0,100.0,0,4.422425648309624,23.60964047443681,8.363961030678928,5.414213562373095,8.065102539956243,4.99156383156272,3.026585998068889,1.784457050376173,1.010310363079828,8.065102539956243,4.99156383156272,3.026585998068889,1.784457050376173,1.010310363079828,0.0,0.0,0.0,13.21376392902584,38.52492973755606,0.0,0.0,13.84747439938125,4.736862953800049,0.0,158.167065324,2.0,-0.04,11,136.109,1554,9.161612903225805,6.410312174817898,4.618363683662851,72.50575304680962,3.383400000000001,49.86899999999999,158.285,0,1,0,1,1554,1,0,1,3,0,1,68,4.736862953800049,0.0,0,0.0,0.0,39.53076089108528,12.84164324585202,13.21376392902584,0.0,0.0,0,0.0,1,4.736862953800049,0.0,0.0,52.3724041369373,13.21376392902584,0.0,0.0,0.0,0,13.21376392902584,4.736862953800049,0.0,52.3724041369373,0.0,0.0,0,9.23,4.944444444444445,0.0,0.0,0.0,0.0,0.0,8.091944444444444,6.463611111111111,0,0,0,0,0,0,0,1554,0,0,0,0,0,1,0,0,0,0,0,0,0,3,7.17625,0.4468317665608418,7.17625,-0.00694053240252674,2.355,0.1002168721022101,2.355,-0.4468317665608418,0,0,0,0,0,0,0,0,0,0,0,0,0,0,0,0,0,0,1,0,0,0,0,0,0,0,0,0,0,0,0,0,0,0,0,0,1,1,0,0,0
10,Polystyrene,1.0,135.0,1.0,135.0,1.0,25.0,1.0,20.0,1,Hexane,Tetrahydrofuran,55.8,5.0,0,100.0,0,4.422425648309624,23.60964047443681,8.363961030678928,5.414213562373095,8.065102539956243,4.99156383156272,3.026585998068889,1.784457050376173,1.010310363079828,8.065102539956243,4.99156383156272,3.026585998068889,1.784457050376173,1.010310363079828,0.0,0.0,0.0,13.21376392902584,38.52492973755606,0.0,0.0,13.84747439938125,4.736862953800049,0.0,158.167065324,2.0,-0.04,11,136.109,1554,9.161612903225805,6.410312174817898,4.618363683662851,72.50575304680962,3.383400000000001,49.86899999999999,158.285,0,1,0,1,1554,1,0,1,3,0,1,68,4.736862953800049,0.0,0,0.0,0.0,39.53076089108528,12.84164324585202,13.21376392902584,0.0,0.0,0,0.0,1,4.736862953800049,0.0,0.0,52.3724041369373,13.21376392902584,0.0,0.0,0.0,0,13.21376392902584,4.736862953800049,0.0,52.3724041369373,0.0,0.0,0,9.23,4.944444444444445,0.0,0.0,0.0,0.0,0.0,8.091944444444444,6.463611111111111,0,0,0,0,0,0,0,1554,0,0,0,0,0,1,0,0,0,0,0,0,0,3,7.17625,0.4468317665608418,7.17625,-0.00694053240252674,2.355,0.1002168721022101,2.355,-0.4468317665608418,0,0,0,0,0,0,0,0,0,0,0,0,0,0,0,0,0,0,0,1,0,0,0,0,0,0,0,0,0,0,0,0,0,0,0,0,1,0,1,0,0
8,Polystyrene,1.0,135.0,1.214091777801514,129.3488159179688,1.0,25.0,1.0,20.0,1,Dichloromethane,Hexane,74.3,5.0,0,100.0,0,3.972085476831743,12.0,7.535533905932737,4.32842712474619,7.803320743988101,4.517781013847641,2.616244071283536,0.9571067811865472,0.4999999999999998,6.291462851951191,3.448736046197943,1.808122035641768,0.9571067811865472,0.4999999999999998,0.0,5.33918526701467,0.0,0.0,25.68328649170404,0.0,0.0,13.84747439938125,23.20187978046503,0.0,170.062905872,2.0,0.58,9,154.983,1554,9.58,7.58,6.580000000000001,69.90974508140549,4.008100000000001,46.38899999999998,171.111,0,0,0,0,1554,0,0,2,3,0,0,58,0.0,0.0,0,0.0,23.20187978046503,39.53076089108528,0.0,0.0,5.33918526701467,0.0,0,0.0,0,0.0,0.0,0.0,39.53076089108528,5.33918526701467,0.0,0.0,23.20187978046503,0,5.33918526701467,0.0,0.0,39.53076089108528,0.0,0.0,0,0.0,0.0,0.0,0.1944444444444446,0.0,0.0,0.0,5.536388888888888,4.463611111111111,0,0,0,0,0,0,0,1554,0,0,0,0,0,0,0,0,0,0,0,0,0,3,6.995694444444443,0.1745147144986288,6.995694444444443,0.04312768812412354,1.549444444444445,0.1502850926288604,1.549444444444445,-0.1745147144986288,0,0,0,0,0,0,0,0,0,0,0,0,0,0,0,0,0,0,0,1,0,0,0,0,0,0,0,0,0,0,0,0,0,0,0,0,1,0,1,0,0
9,Polystyrene,1.0,135.0,1.227495193481445,128.8698120117188,1.0,25.0,1.0,20.0,2,Dichloromethane,Hexane,63.5,5.0,0,100.0,0,3.972085476831743,12.0,7.535533905932737,4.32842712474619,7.803320743988101,4.517781013847641,2.616244071283536,0.9571067811865472,0.4999999999999998,6.291462851951191,3.448736046197943,1.808122035641768,0.9571067811865472,0.4999999999999998,0.0,5.33918526701467,0.0,0.0,25.68328649170404,0.0,0.0,13.84747439938125,23.20187978046503,0.0,170.062905872,2.0,0.58,9,154.983,1554,9.58,7.58,6.580000000000001,69.90974508140549,4.008100000000001,46.38899999999998,171.111,0,0,0,0,1554,0,0,2,3,0,0,58,0.0,0.0,0,0.0,23.20187978046503,39.53076089108528,0.0,0.0,5.33918526701467,0.0,0,0.0,0,0.0,0.0,0.0,39.53076089108528,5.33918526701467,0.0,0.0,23.20187978046503,0,5.33918526701467,0.0,0.0,39.53076089108528,0.0,0.0,0,0.0,0.0,0.0,0.1944444444444446,0.0,0.0,0.0,5.536388888888888,4.463611111111111,0,0,0,0,0,0,0,1554,0,0,0,0,0,0,0,0,0,0,0,0,0,3,6.995694444444443,0.1745147144986288,6.995694444444443,0.04312768812412354,1.549444444444445,0.1502850926288604,1.549444444444445,-0.1745147144986288,0,0,0,0,0,0,0,0,0,0,0,0,0,0,0,0,0,0,1,0,0,0,0,0,0,0,0,0,0,0,0,0,0,0,0,0,1,1,0,0,0
7,Polystyrene,1.0,135.0,1.218599796295166,121.362922668457,1.0,25.0,1.0,20.0,1,Tetrahydrofuran,Water,87.1,7.0,0,100.0,0,2.083333333333333,11.60964047443681,3.535533905932738,2.5,3.736675415210053,2.077350269189625,1.319479216882342,0.8273502691896256,0.5103103630798287,3.736675415210053,2.077350269189625,1.319479216882342,0.8273502691896256,0.5103103630798287,0.0,5.476191835881363,0.0,13.21376392902584,12.84164324585202,0.0,0.0,0.0,4.736862953800049,0.0,90.06807956,1.0,-0.08,6,80.042,1554,4.121612903225808,-25.62968782518213,-103.4216363163373,38.79102263531512,-0.02790000000000004,23.6668,90.122,2,2,0,1,1554,1,0,2,0,0,1,38,10.21305478968141,0.0,0,0.0,0.0,0.0,12.84164324585202,13.21376392902584,0.0,0.0,0,0.0,1,10.21305478968141,0.0,0.0,12.84164324585202,13.21376392902584,0.0,0.0,0.0,0,18.6899557649072,4.736862953800049,0.0,12.84164324585202,0.0,0.0,0,40.73,4.944444444444445,0.0,0.0,0.0,0.0,0.0,2.555555555555555,2.0,0,0,0,0,0,0,0,1554,0,0,0,0,0,1,0,0,0,0,0,0,0,0,4.944444444444445,0.7929589039001408,4.944444444444445,-0.3648713520875809,1.0,0.4581476917872643,1.0,-0.7929589039001408,0,0,0,0,0,0,0,0,0,0,0,0,0,0,0,0,1,0,0,0,0,0,0,0,0,0,0,0,0,0,0,0,0,0,0,0,1,0,0,0,1
7,Polystyrene,1.0,135.0,1.218599796295166,121.362922668457,1.0,25.0,1.0,20.0,1,Tetrahydrofuran,Water,87.4,7.0,0,300.0,0,2.083333333333333,11.60964047443681,3.535533905932738,2.5,3.736675415210053,2.077350269189625,1.319479216882342,0.8273502691896256,0.5103103630798287,3.736675415210053,2.077350269189625,1.319479216882342,0.8273502691896256,0.5103103630798287,0.0,5.476191835881363,0.0,13.21376392902584,12.84164324585202,0.0,0.0,0.0,4.736862953800049,0.0,90.06807956,1.0,-0.08,6,80.042,1554,4.121612903225808,-25.62968782518213,-103.4216363163373,38.79102263531512,-0.02790000000000004,23.6668,90.122,2,2,0,1,1554,1,0,2,0,0,1,38,10.21305478968141,0.0,0,0.0,0.0,0.0,12.84164324585202,13.21376392902584,0.0,0.0,0,0.0,1,10.21305478968141,0.0,0.0,12.84164324585202,13.21376392902584,0.0,0.0,0.0,0,18.6899557649072,4.736862953800049,0.0,12.84164324585202,0.0,0.0,0,40.73,4.944444444444445,0.0,0.0,0.0,0.0,0.0,2.555555555555555,2.0,0,0,0,0,0,0,0,1554,0,0,0,0,0,1,0,0,0,0,0,0,0,0,4.944444444444445,0.7929589039001408,4.944444444444445,-0.3648713520875809,1.0,0.4581476917872643,1.0,-0.7929589039001408,0,0,0,0,0,0,0,0,0,0,0,0,0,0,0,0,1,0,0,0,0,0,0,0,0,0,0,0,0,0,0,0,0,0,0,0,1,0,0,0,1
7,Polystyrene,1.0,135.0,1.222393989562988,121.362922668457,1.0,25.0,1.0,20.0,1,Tetrahydrofuran,Water,87.0,7.0,0,500.0,0,2.083333333333333,11.60964047443681,3.535533905932738,2.5,3.736675415210053,2.077350269189625,1.319479216882342,0.8273502691896256,0.5103103630798287,3.736675415210053,2.077350269189625,1.319479216882342,0.8273502691896256,0.5103103630798287,0.0,5.476191835881363,0.0,13.21376392902584,12.84164324585202,0.0,0.0,0.0,4.736862953800049,0.0,90.06807956,1.0,-0.08,6,80.042,1554,4.121612903225808,-25.62968782518213,-103.4216363163373,38.79102263531512,-0.02790000000000004,23.6668,90.122,2,2,0,1,1554,1,0,2,0,0,1,38,10.21305478968141,0.0,0,0.0,0.0,0.0,12.84164324585202,13.21376392902584,0.0,0.0,0,0.0,1,10.21305478968141,0.0,0.0,12.84164324585202,13.21376392902584,0.0,0.0,0.0,0,18.6899557649072,4.736862953800049,0.0,12.84164324585202,0.0,0.0,0,40.73,4.944444444444445,0.0,0.0,0.0,0.0,0.0,2.555555555555555,2.0,0,0,0,0,0,0,0,1554,0,0,0,0,0,1,0,0,0,0,0,0,0,0,4.944444444444445,0.7929589039001408,4.944444444444445,-0.3648713520875809,1.0,0.4581476917872643,1.0,-0.7929589039001408,0,0,0,0,0,0,0,0,0,0,0,0,0,0,0,0,1,0,0,0,0,0,0,0,0,0,0,0,0,0,0,0,0,0,0,0,1,0,0,0,1
7,Polystyrene,1.0,135.0,1.222393989562988,121.362922668457,1.0,25.0,1.0,20.0,1,Tetrahydrofuran,Water,86.4,7.0,0,1000.0,0,2.083333333333333,11.60964047443681,3.535533905932738,2.5,3.736675415210053,2.077350269189625,1.319479216882342,0.8273502691896256,0.5103103630798287,3.736675415210053,2.077350269189625,1.319479216882342,0.8273502691896256,0.5103103630798287,0.0,5.476191835881363,0.0,13.21376392902584,12.84164324585202,0.0,0.0,0.0,4.736862953800049,0.0,90.06807956,1.0,-0.08,6,80.042,1554,4.121612903225808,-25.62968782518213,-103.4216363163373,38.79102263531512,-0.02790000000000004,23.6668,90.122,2,2,0,1,1554,1,0,2,0,0,1,38,10.21305478968141,0.0,0,0.0,0.0,0.0,12.84164324585202,13.21376392902584,0.0,0.0,0,0.0,1,10.21305478968141,0.0,0.0,12.84164324585202,13.21376392902584,0.0,0.0,0.0,0,18.6899557649072,4.736862953800049,0.0,12.84164324585202,0.0,0.0,0,40.73,4.944444444444445,0.0,0.0,0.0,0.0,0.0,2.555555555555555,2.0,0,0,0,0,0,0,0,1554,0,0,0,0,0,1,0,0,0,0,0,0,0,0,4.944444444444445,0.7929589039001408,4.944444444444445,-0.3648713520875809,1.0,0.4581476917872643,1.0,-0.7929589039001408,0,0,0,0,0,0,0,0,0,0,0,0,0,0,0,0,1,0,0,0,0,0,0,0,0,0,0,0,0,0,0,0,0,0,0,0,1,0,0,0,1
7,Polystyrene,1.0,135.0,1.214091777801514,121.362922668457,1.0,25.0,1.0,20.0,1,Tetrahydrofuran,Water,87.7,5.0,0,300.0,0,2.083333333333333,11.60964047443681,3.535533905932738,2.5,3.736675415210053,2.077350269189625,1.319479216882342,0.8273502691896256,0.5103103630798287,3.736675415210053,2.077350269189625,1.319479216882342,0.8273502691896256,0.5103103630798287,0.0,5.476191835881363,0.0,13.21376392902584,12.84164324585202,0.0,0.0,0.0,4.736862953800049,0.0,90.06807956,1.0,-0.08,6,80.042,1554,4.121612903225808,-25.62968782518213,-103.4216363163373,38.79102263531512,-0.02790000000000004,23.6668,90.122,2,2,0,1,1554,1,0,2,0,0,1,38,10.21305478968141,0.0,0,0.0,0.0,0.0,12.84164324585202,13.21376392902584,0.0,0.0,0,0.0,1,10.21305478968141,0.0,0.0,12.84164324585202,13.21376392902584,0.0,0.0,0.0,0,18.6899557649072,4.736862953800049,0.0,12.84164324585202,0.0,0.0,0,40.73,4.944444444444445,0.0,0.0,0.0,0.0,0.0,2.555555555555555,2.0,0,0,0,0,0,0,0,1554,0,0,0,0,0,1,0,0,0,0,0,0,0,0,4.944444444444445,0.7929589039001408,4.944444444444445,-0.3648713520875809,1.0,0.4581476917872643,1.0,-0.7929589039001408,0,0,0,0,0,0,0,0,0,0,0,0,0,0,0,0,0,0,0,0,0,0,1,0,0,0,0,0,0,0,0,0,0,0,0,0,1,0,0,0,1
10,Polystyrene,1.0,135.0,1.427599906921387,129.3488159179688,1.0,25.0,1.0,20.0,1,Hexane,Ethyl Acetate,62.0,5.0,0,100.0,0,5.170349424907656,56.0,9.81999095630891,5.684269172402757,8.852030486860464,4.818243768618318,2.631701106875963,1.304707480880239,0.7032631323962852,8.852030486860464,4.818243768618318,2.631701106875963,1.304707480880239,0.7032631323962852,0.0,5.969305287951849,6.606881964512918,0.0,32.60702369139467,6.923737199690624,0.0,18.5843373531813,0.0,4.794537184071822,174.161979944,1.75,-0.53,12,152.108,1554,11.47,7.693713646532438,7.470000000000001,77.67310630038261,3.156000000000001,52.12299999999998,174.284,0,2,0,0,1554,2,0,2,4,0,0,74,4.736862953800049,4.794537184071822,0,0.0,0.0,39.53076089108528,6.923737199690624,6.923737199690624,6.606881964512918,0.0,0,5.969305287951849,0,9.53140013787187,0.0,0.0,53.37823529046653,6.606881964512918,0.0,0.0,5.969305287951849,0,12.57618725246477,9.53140013787187,0.0,53.37823529046653,0.0,0.0,0,26.3,4.402777777777778,9.821527777777778,0.0,0.0,-0.2106481481481479,0.0,5.536388888888888,8.11662037037037,0,0,0,1,1,0,0,1554,0,0,0,0,1,1,0,0,0,0,0,0,0,3,12.05333333333333,0.5315542745725401,12.05333333333333,0.2485340754746223,1.565648148148148,0.3556914799793591,1.144351851851852,-0.5315542745725401,0,0,0,0,0,0,0,0,0,0,0,0,0,0,0,0,0,0,0,1,0,0,0,0,0,0,0,0,0,0,0,0,0,0,0,0,1,0,1,0,0
7,Polystyrene,1.0,135.0,1.077213287353516,133.4201202392578,1.0,25.0,1.0,20.0,1,Ethyl Acetate,Hexane,50.0,5.0,0,100.0,0,5.170349424907656,56.0,9.81999095630891,5.684269172402757,8.852030486860464,4.818243768618318,2.631701106875963,1.304707480880239,0.7032631323962852,8.852030486860464,4.818243768618318,2.631701106875963,1.304707480880239,0.7032631323962852,0.0,5.969305287951849,6.606881964512918,0.0,32.60702369139467,6.923737199690624,0.0,18.5843373531813,0.0,4.794537184071822,174.161979944,1.75,-0.53,12,152.108,1554,11.47,7.693713646532438,7.470000000000001,77.67310630038261,3.156000000000001,52.12299999999998,174.284,0,2,0,0,1554,2,0,2,4,0,0,74,4.736862953800049,4.794537184071822,0,0.0,0.0,39.53076089108528,6.923737199690624,6.923737199690624,6.606881964512918,0.0,0,5.969305287951849,0,9.53140013787187,0.0,0.0,53.37823529046653,6.606881964512918,0.0,0.0,5.969305287951849,0,12.57618725246477,9.53140013787187,0.0,53.37823529046653,0.0,0.0,0,26.3,4.402777777777778,9.821527777777778,0.0,0.0,-0.2106481481481479,0.0,5.536388888888888,8.11662037037037,0,0,0,1,1,0,0,1554,0,0,0,0,1,1,0,0,0,0,0,0,0,3,12.05333333333333,0.5315542745725401,12.05333333333333,0.2485340754746223,1.565648148148148,0.3556914799793591,1.144351851851852,-0.5315542745725401,0,0,0,0,0,0,0,0,0,0,0,0,0,0,0,0,0,0,0,0,0,0,0,0,0,0,1,0,0,0,0,0,0,0,0,0,1,1,0,0,0
8,Polystyrene,1.0,135.0,1.214091777801514,127.8391265869141,1.0,25.0,1.0,20.0,1,Toluene,Hexane,81.7,5.0,0,100.0,0,5.360557624700377,141.9656602453383,9.941311299868554,6.308060412490446,9.215178470694319,5.324897164896055,3.361807319565799,1.897562516201854,1.034377897417611,9.215178470694319,5.324897164896055,3.361807319565799,1.897562516201854,1.034377897417611,0.0,0.0,0.0,0.0,31.24673798340104,0.0,18.19910120538483,32.90394573599509,0.0,0.0,178.172150704,1.142857142857143,-0.78,13,156.143,1554,10.38077170418006,6.783286039855434,5.038264132411507,84.36030683370616,4.581620000000001,60.99499999999998,178.319,0,0,0,0,1554,0,0,0,3,0,0,74,0.0,0.0,0,0.0,0.0,75.42604772509033,6.923737199690624,0.0,0.0,0.0,0,0.0,1,0.0,0.0,0.0,46.4544980907759,0.0,35.89528683400505,0.0,0.0,0,0.0,0.0,6.923737199690624,45.09421238278227,30.33183534230805,0.0,0,0.0,0.0,0.0,0.0,1.32175925925926,0.0,10.26157407407407,5.536388888888888,6.546944444444444,0,0,0,0,0,0,0,1554,1,1,0,0,0,0,0,0,0,0,0,0,0,3,4.315138888888888,0.1276314703801184,4.315138888888888,-0.09335322857599593,2.67675925925926,0.09335322857599593,2.67675925925926,-0.1276314703801184,0,0,0,0,0,0,0,0,0,0,0,0,0,0,0,0,0,0,1,0,0,0,0,0,0,0,0,0,0,0,0,0,0,0,0,0,1,1,0,0,0
10,Polystyrene,1.0,135.0,1.0,135.0,1.0,25.0,1.0,20.0,1,Hexane,Tetrahydrofuran,55.8,5.0,0,100.0,0,4.422425648309624,23.60964047443681,8.363961030678928,5.414213562373095,8.065102539956243,4.99156383156272,3.026585998068889,1.784457050376173,1.010310363079828,8.065102539956243,4.99156383156272,3.026585998068889,1.784457050376173,1.010310363079828,0.0,0.0,0.0,13.21376392902584,38.52492973755606,0.0,0.0,13.84747439938125,4.736862953800049,0.0,158.167065324,2.0,-0.04,11,136.109,1554,9.161612903225805,6.410312174817898,4.618363683662851,72.50575304680962,3.383400000000001,49.86899999999999,158.285,0,1,0,1,1554,1,0,1,3,0,1,68,4.736862953800049,0.0,0,0.0,0.0,39.53076089108528,12.84164324585202,13.21376392902584,0.0,0.0,0,0.0,1,4.736862953800049,0.0,0.0,52.3724041369373,13.21376392902584,0.0,0.0,0.0,0,13.21376392902584,4.736862953800049,0.0,52.3724041369373,0.0,0.0,0,9.23,4.944444444444445,0.0,0.0,0.0,0.0,0.0,8.091944444444444,6.463611111111111,0,0,0,0,0,0,0,1554,0,0,0,0,0,1,0,0,0,0,0,0,0,3,7.17625,0.4468317665608418,7.17625,-0.00694053240252674,2.355,0.1002168721022101,2.355,-0.4468317665608418,0,0,0,0,0,0,0,0,0,0,0,0,0,0,0,0,0,0,0,1,0,0,0,0,0,0,0,0,0,0,0,0,0,0,0,0,1,0,1,0,0
9,Polystyrene,12.0,114.0,12.0,114.0,2.0,50.0,0.36,0.2,1,Carbon Dioxide,Tetrahydrofuran,54.0,5.0,5,200.0,200,5.349319657044238,32.62919048309068,6.242640687119286,3.914213562373095,4.553171996137779,2.485598559653488,1.402812550215675,0.8273502691896256,0.5103103630798287,4.553171996137779,2.485598559653488,1.402812550215675,0.8273502691896256,0.5103103630798287,0.0,6.1514994233331,0.0,13.21376392902584,12.84164324585202,0.0,0.0,0.0,14.32593732194369,0.0,116.047344116,1.0,-0.6600000000000001,8,108.052,1554,5.541612903225806,2.790312174817898,1.998363683662851,49.00408667491411,0.2132999999999999,25.06,116.116,0,3,0,1,1554,3,0,3,0,0,1,46,4.736862953800049,0.0,0,9.589074368143644,0.0,0.0,12.84164324585202,13.21376392902584,0.0,0.0,0,6.1514994233331,1,14.32593732194369,0.0,0.0,12.84164324585202,13.21376392902584,0.0,0.0,6.1514994233331,0,19.36526335235894,14.32593732194369,0.0,12.84164324585202,0.0,0.0,0,43.37,4.944444444444445,16.25,0.0,0.0,0.0,0.0,2.805555555555555,2.0,0,0,0,0,2,0,0,1554,0,0,0,0,0,1,0,0,0,0,0,0,0,0,13.06944444444444,0.7543782013754536,13.06944444444444,0.4195669892625772,1.25,0.2331025795562094,1.25,-0.567913791669086,1,0,0,0,0,0,0,0,0,0,0,0,0,0,0,0,0,0,0,0,0,0,0,0,0,0,0,0,0,0,0,0,0,0,0,0,1,0,1,0,0
9,Polystyrene,12.0,114.0,12.0,114.0,2.0,60.0,0.36,0.2,1,Carbon Dioxide,Tetrahydrofuran,54.0,5.0,5,200.0,200,5.349319657044238,32.62919048309068,6.242640687119286,3.914213562373095,4.553171996137779,2.485598559653488,1.402812550215675,0.8273502691896256,0.5103103630798287,4.553171996137779,2.485598559653488,1.402812550215675,0.8273502691896256,0.5103103630798287,0.0,6.1514994233331,0.0,13.21376392902584,12.84164324585202,0.0,0.0,0.0,14.32593732194369,0.0,116.047344116,1.0,-0.6600000000000001,8,108.052,1554,5.541612903225806,2.790312174817898,1.998363683662851,49.00408667491411,0.2132999999999999,25.06,116.116,0,3,0,1,1554,3,0,3,0,0,1,46,4.736862953800049,0.0,0,9.589074368143644,0.0,0.0,12.84164324585202,13.21376392902584,0.0,0.0,0,6.1514994233331,1,14.32593732194369,0.0,0.0,12.84164324585202,13.21376392902584,0.0,0.0,6.1514994233331,0,19.36526335235894,14.32593732194369,0.0,12.84164324585202,0.0,0.0,0,43.37,4.944444444444445,16.25,0.0,0.0,0.0,0.0,2.805555555555555,2.0,0,0,0,0,2,0,0,1554,0,0,0,0,0,1,0,0,0,0,0,0,0,0,13.06944444444444,0.7543782013754536,13.06944444444444,0.4195669892625772,1.25,0.2331025795562094,1.25,-0.567913791669086,1,0,0,0,0,0,0,0,0,0,0,0,0,0,0,0,0,0,0,0,0,0,0,0,0,0,0,0,0,0,0,0,0,0,0,0,1,0,1,0,0
9,Polystyrene,12.0,114.0,12.0,114.0,2.0,70.0,0.36,0.2,1,Carbon Dioxide,Tetrahydrofuran,54.0,5.0,5,200.0,200,5.349319657044238,32.62919048309068,6.242640687119286,3.914213562373095,4.553171996137779,2.485598559653488,1.402812550215675,0.8273502691896256,0.5103103630798287,4.553171996137779,2.485598559653488,1.402812550215675,0.8273502691896256,0.5103103630798287,0.0,6.1514994233331,0.0,13.21376392902584,12.84164324585202,0.0,0.0,0.0,14.32593732194369,0.0,116.047344116,1.0,-0.6600000000000001,8,108.052,1554,5.541612903225806,2.790312174817898,1.998363683662851,49.00408667491411,0.2132999999999999,25.06,116.116,0,3,0,1,1554,3,0,3,0,0,1,46,4.736862953800049,0.0,0,9.589074368143644,0.0,0.0,12.84164324585202,13.21376392902584,0.0,0.0,0,6.1514994233331,1,14.32593732194369,0.0,0.0,12.84164324585202,13.21376392902584,0.0,0.0,6.1514994233331,0,19.36526335235894,14.32593732194369,0.0,12.84164324585202,0.0,0.0,0,43.37,4.944444444444445,16.25,0.0,0.0,0.0,0.0,2.805555555555555,2.0,0,0,0,0,2,0,0,1554,0,0,0,0,0,1,0,0,0,0,0,0,0,0,13.06944444444444,0.7543782013754536,13.06944444444444,0.4195669892625772,1.25,0.2331025795562094,1.25,-0.567913791669086,1,0,0,0,0,0,0,0,0,0,0,0,0,0,0,0,0,0,0,0,0,0,0,0,0,0,0,0,0,0,0,0,0,0,0,0,1,0,1,0,0
9,Polystyrene,12.0,114.0,12.0,114.0,2.0,80.0,0.36,0.2,1,Carbon Dioxide,Tetrahydrofuran,54.0,5.0,5,200.0,200,5.349319657044238,32.62919048309068,6.242640687119286,3.914213562373095,4.553171996137779,2.485598559653488,1.402812550215675,0.8273502691896256,0.5103103630798287,4.553171996137779,2.485598559653488,1.402812550215675,0.8273502691896256,0.5103103630798287,0.0,6.1514994233331,0.0,13.21376392902584,12.84164324585202,0.0,0.0,0.0,14.32593732194369,0.0,116.047344116,1.0,-0.6600000000000001,8,108.052,1554,5.541612903225806,2.790312174817898,1.998363683662851,49.00408667491411,0.2132999999999999,25.06,116.116,0,3,0,1,1554,3,0,3,0,0,1,46,4.736862953800049,0.0,0,9.589074368143644,0.0,0.0,12.84164324585202,13.21376392902584,0.0,0.0,0,6.1514994233331,1,14.32593732194369,0.0,0.0,12.84164324585202,13.21376392902584,0.0,0.0,6.1514994233331,0,19.36526335235894,14.32593732194369,0.0,12.84164324585202,0.0,0.0,0,43.37,4.944444444444445,16.25,0.0,0.0,0.0,0.0,2.805555555555555,2.0,0,0,0,0,2,0,0,1554,0,0,0,0,0,1,0,0,0,0,0,0,0,0,13.06944444444444,0.7543782013754536,13.06944444444444,0.4195669892625772,1.25,0.2331025795562094,1.25,-0.567913791669086,1,0,0,0,0,0,0,0,0,0,0,0,0,0,0,0,0,0,0,0,0,0,0,0,0,0,0,0,0,0,0,0,0,0,0,0,1,0,1,0,0
9,Polystyrene,12.0,114.0,12.0,114.0,2.0,90.0,0.36,0.2,1,Carbon Dioxide,Tetrahydrofuran,54.0,5.0,5,200.0,200,5.349319657044238,32.62919048309068,6.242640687119286,3.914213562373095,4.553171996137779,2.485598559653488,1.402812550215675,0.8273502691896256,0.5103103630798287,4.553171996137779,2.485598559653488,1.402812550215675,0.8273502691896256,0.5103103630798287,0.0,6.1514994233331,0.0,13.21376392902584,12.84164324585202,0.0,0.0,0.0,14.32593732194369,0.0,116.047344116,1.0,-0.6600000000000001,8,108.052,1554,5.541612903225806,2.790312174817898,1.998363683662851,49.00408667491411,0.2132999999999999,25.06,116.116,0,3,0,1,1554,3,0,3,0,0,1,46,4.736862953800049,0.0,0,9.589074368143644,0.0,0.0,12.84164324585202,13.21376392902584,0.0,0.0,0,6.1514994233331,1,14.32593732194369,0.0,0.0,12.84164324585202,13.21376392902584,0.0,0.0,6.1514994233331,0,19.36526335235894,14.32593732194369,0.0,12.84164324585202,0.0,0.0,0,43.37,4.944444444444445,16.25,0.0,0.0,0.0,0.0,2.805555555555555,2.0,0,0,0,0,2,0,0,1554,0,0,0,0,0,1,0,0,0,0,0,0,0,0,13.06944444444444,0.7543782013754536,13.06944444444444,0.4195669892625772,1.25,0.2331025795562094,1.25,-0.567913791669086,1,0,0,0,0,0,0,0,0,0,0,0,0,0,0,0,0,0,0,0,0,0,0,0,0,0,0,0,0,0,0,0,0,0,0,0,1,0,1,0,0
9,Polystyrene,12.0,125.0,12.0,125.0,2.0,140.0,0.36,0.2,1,Xylene,Carbon Dioxide,55.0,5.0,5,200.0,200,6.400847835056354,177.1676639276528,8.69023444431199,5.218744015013407,6.625897657686229,3.235598559653489,2.167592249910856,1.425569668769133,0.6626779572375285,6.625897657686229,3.235598559653489,2.167592249910856,1.425569668769133,0.6626779572375285,0.0,6.1514994233331,0.0,0.0,11.12690298339399,0.0,0.0,38.11294267322769,9.589074368143644,0.0,150.06807956,0.25,-1.4,11,140.097,1554,7.738504155124653,3.373744712287256,2.270007391209439,67.22358257620726,1.71994,40.92299999999999,150.177,0,2,0,0,1554,2,0,2,0,0,0,58,0.0,0.0,0,9.589074368143644,0.0,24.26546827384644,24.97437738277524,0.0,0.0,0.0,0,6.1514994233331,1,9.589074368143644,0.0,0.0,13.84747439938125,0.0,35.39237125724043,0.0,6.1514994233331,0,6.1514994233331,9.589074368143644,13.84747439938125,11.12690298339399,24.26546827384644,0.0,0,34.14,0.0,16.25,0.0,2.736111111111112,0.0,8.356481481481481,0.25,4.24074074074074,0,0,0,0,2,0,0,1554,2,1,0,0,0,0,0,0,0,0,0,0,0,0,10.24537037037037,0.4349140112990655,10.24537037037037,0.3334173272327658,1.618055555555556,0.2259759018863374,1.618055555555556,-0.2484496015926977,1,0,0,0,0,0,0,0,0,0,0,0,0,0,0,0,0,0,0,0,0,0,0,0,0,0,0,0,0,0,0,0,0,0,0,0,1,0,1,0,0
9,Polystyrene,0.687,1000.0,0.687,160.0,1.0,25.0,0.29,0.2,1,Carbon Dioxide,Tetrahydrofuran,54.0,5.0,0,500.0,0,5.349319657044238,32.62919048309068,6.242640687119286,3.914213562373095,4.553171996137779,2.485598559653488,1.402812550215675,0.8273502691896256,0.5103103630798287,4.553171996137779,2.485598559653488,1.402812550215675,0.8273502691896256,0.5103103630798287,0.0,6.1514994233331,0.0,13.21376392902584,12.84164324585202,0.0,0.0,0.0,14.32593732194369,0.0,116.047344116,1.0,-0.6600000000000001,8,108.052,1554,5.541612903225806,2.790312174817898,1.998363683662851,49.00408667491411,0.2132999999999999,25.06,116.116,0,3,0,1,1554,3,0,3,0,0,1,46,4.736862953800049,0.0,0,9.589074368143644,0.0,0.0,12.84164324585202,13.21376392902584,0.0,0.0,0,6.1514994233331,1,14.32593732194369,0.0,0.0,12.84164324585202,13.21376392902584,0.0,0.0,6.1514994233331,0,19.36526335235894,14.32593732194369,0.0,12.84164324585202,0.0,0.0,0,43.37,4.944444444444445,16.25,0.0,0.0,0.0,0.0,2.805555555555555,2.0,0,0,0,0,2,0,0,1554,0,0,0,0,0,1,0,0,0,0,0,0,0,0,13.06944444444444,0.7543782013754536,13.06944444444444,0.4195669892625772,1.25,0.2331025795562094,1.25,-0.567913791669086,0,0,0,0,0,0,1,0,0,0,0,0,0,0,0,0,0,0,0,0,0,0,0,0,0,0,0,0,0,0,0,0,0,0,0,0,0,0,1,0,1
9,Polystyrene,0.687,630.0,0.687,630.0,1.0,25.0,0.29,0.2,1,Tetrahydrofuran,Methanol,57.0,5.0,0,500.0,0,3.083333333333333,11.60964047443681,5.535533905932738,3.5,4.683889010710011,2.524563864689583,1.319479216882342,0.8273502691896256,0.5103103630798287,4.683889010710011,2.524563864689583,1.319479216882342,0.8273502691896256,0.5103103630798287,0.0,0.0,0.0,20.32356147030337,12.84164324585202,0.0,0.0,0.0,9.843390348640755,0.0,104.083729624,2.0,-0.08,7,92.05300000000001,1554,5.121612903225806,2.370312174817899,-26.42163631633718,45.47527622702259,0.4052999999999999,28.1958,104.149,1,2,0,1,1554,2,1,2,0,0,1,44,9.843390348640755,0.0,0,0.0,0.0,0.0,12.84164324585202,20.32356147030337,0.0,0.0,0,0.0,1,9.843390348640755,0.0,0.0,12.84164324585202,20.32356147030337,0.0,0.0,0.0,0,25.43008886514408,4.736862953800049,0.0,12.84164324585202,0.0,0.0,0,29.46,4.944444444444445,0.0,7.0,0.0,0.0,0.0,2.555555555555555,2.0,1,1,1,0,0,0,0,1554,0,0,0,0,0,1,0,0,0,0,0,0,0,0,11.94444444444444,0.7810796255200254,11.94444444444444,0.07857885356756981,2.0,0.07857885356756981,2.0,-0.7810796255200254,0,0,0,0,0,0,1,0,0,0,0,0,0,0,0,0,0,0,0,0,0,0,0,0,0,0,0,0,0,0,0,0,0,0,0,0,0,0,1,0,1
9,Polystyrene,0.687,200.0,0.687,200.0,1.0,25.0,0.29,0.2,1,Acetonitrile,Tetrahydrofuran,52.8,5.0,0,500.0,0,4.558867538860889,33.11941547876375,6.242640687119286,3.914213562373095,5.183889010710011,2.800957066939604,1.543086014632321,0.8273502691896256,0.5103103630798287,5.183889010710011,2.800957066939604,1.543086014632321,0.8273502691896256,0.5103103630798287,0.0,0.0,0.0,13.21376392902584,19.76538044554265,6.069221312792274,0.0,0.0,9.998754508538536,0.0,113.084063972,1.5,-0.55,8,102.072,1554,5.651612903225807,2.9003121748179,2.10836368366285,51.4385642706919,1.32668,31.34,113.16,0,2,0,1,1554,2,0,2,0,0,1,46,4.736862953800049,0.0,0,5.261891554738487,0.0,0.0,12.84164324585202,20.13750112871647,6.069221312792274,0.0,0,0.0,1,4.736862953800049,5.261891554738487,0.0,19.76538044554265,13.21376392902584,0.0,6.069221312792274,0.0,0,13.21376392902584,4.736862953800049,11.33111286753076,19.76538044554265,0.0,0.0,0,33.02,4.944444444444445,0.0,7.319444444444445,0.0,0.0,1.75,2.555555555555555,3.430555555555556,0,0,0,0,0,1,0,1554,0,0,0,0,0,1,0,0,0,1,0,0,0,0,12.26388888888889,0.5801078078892417,12.26388888888889,0.1053529936210908,2.430555555555556,0.1053529936210908,2.430555555555556,-0.5801078078892417,0,0,0,0,0,0,1,0,0,0,0,0,0,0,0,0,0,0,0,0,0,0,0,0,0,0,0,0,0,0,0,0,0,0,0,0,0,0,1,0,1
9,Polystyrene,0.59,59.5,0.59,59.5,1.0,70.0,0.3831851184368134,0.06,1,Carbon Dioxide,Tetrahydrofuran,54.0,5.0,0,200.0,0,5.349319657044238,32.62919048309068,6.242640687119286,3.914213562373095,4.553171996137779,2.485598559653488,1.402812550215675,0.8273502691896256,0.5103103630798287,4.553171996137779,2.485598559653488,1.402812550215675,0.8273502691896256,0.5103103630798287,0.0,6.1514994233331,0.0,13.21376392902584,12.84164324585202,0.0,0.0,0.0,14.32593732194369,0.0,116.047344116,1.0,-0.6600000000000001,8,108.052,1554,5.541612903225806,2.790312174817898,1.998363683662851,49.00408667491411,0.2132999999999999,25.06,116.116,0,3,0,1,1554,3,0,3,0,0,1,46,4.736862953800049,0.0,0,9.589074368143644,0.0,0.0,12.84164324585202,13.21376392902584,0.0,0.0,0,6.1514994233331,1,14.32593732194369,0.0,0.0,12.84164324585202,13.21376392902584,0.0,0.0,6.1514994233331,0,19.36526335235894,14.32593732194369,0.0,12.84164324585202,0.0,0.0,0,43.37,4.944444444444445,16.25,0.0,0.0,0.0,0.0,2.805555555555555,2.0,0,0,0,0,2,0,0,1554,0,0,0,0,0,1,0,0,0,0,0,0,0,0,13.06944444444444,0.7543782013754536,13.06944444444444,0.4195669892625772,1.25,0.2331025795562094,1.25,-0.567913791669086,1,0,0,0,0,0,0,0,0,0,0,0,0,0,0,0,0,0,0,0,0,0,0,0,0,0,0,0,0,0,0,0,0,0,0,0,1,0,1,0,0
9,Polystyrene,5.6,13.7,5.6,13.7,1.0,25.0,1.0,18.66482925415039,1,Hexane,Tetrahydrofuran,52.1,5.0,0,100.0,0,4.422425648309624,23.60964047443681,8.363961030678928,5.414213562373095,8.065102539956243,4.99156383156272,3.026585998068889,1.784457050376173,1.010310363079828,8.065102539956243,4.99156383156272,3.026585998068889,1.784457050376173,1.010310363079828,0.0,0.0,0.0,13.21376392902584,38.52492973755606,0.0,0.0,13.84747439938125,4.736862953800049,0.0,158.167065324,2.0,-0.04,11,136.109,1554,9.161612903225805,6.410312174817898,4.618363683662851,72.50575304680962,3.383400000000001,49.86899999999999,158.285,0,1,0,1,1554,1,0,1,3,0,1,68,4.736862953800049,0.0,0,0.0,0.0,39.53076089108528,12.84164324585202,13.21376392902584,0.0,0.0,0,0.0,1,4.736862953800049,0.0,0.0,52.3724041369373,13.21376392902584,0.0,0.0,0.0,0,13.21376392902584,4.736862953800049,0.0,52.3724041369373,0.0,0.0,0,9.23,4.944444444444445,0.0,0.0,0.0,0.0,0.0,8.091944444444444,6.463611111111111,0,0,0,0,0,0,0,1554,0,0,0,0,0,1,0,0,0,0,0,0,0,3,7.17625,0.4468317665608418,7.17625,-0.00694053240252674,2.355,0.1002168721022101,2.355,-0.4468317665608418,0,0,0,0,0,0,0,0,0,0,0,0,0,0,0,0,0,0,0,1,0,0,0,0,0,0,0,0,0,0,0,0,0,0,0,0,1,0,1,0,0
8,Polystyrene,5.0,200.0,5.0,200.0,1.0,43.0,0.5,27.00613594055176,0,Dichloromethane,Acetonitrile,57.0,5.081950187683105,0,100.0,0,4.108527367383008,21.50977500432694,5.414213562373094,2.82842712474619,4.922107214741869,2.327174249224525,1.132744087846969,0.0,0.0,3.41024932270496,1.258129281574828,0.3246220522052001,0.0,0.0,0.0,5.33918526701467,0.0,0.0,6.923737199690624,6.069221312792274,0.0,0.0,28.46377133520352,0.0,124.97990452,1.5,0.06999999999999995,6,120.946,1554,6.070000000000001,4.070000000000002,4.07,48.84255630528777,1.95138,27.86,125.986,0,1,0,0,1554,1,0,3,0,0,0,36,0.0,0.0,0,5.261891554738487,23.20187978046503,0.0,0.0,6.923737199690624,11.40840657980694,0.0,0,0.0,0,0.0,5.261891554738487,0.0,6.923737199690624,5.33918526701467,0.0,6.069221312792274,23.20187978046503,0,5.33918526701467,0.0,11.33111286753076,6.923737199690624,0.0,0.0,0,23.79,0.0,0.0,7.513888888888889,0.0,0.0,1.75,0.0,1.430555555555556,0,0,0,0,0,1,0,1554,0,0,0,0,0,0,0,0,0,1,0,0,0,0,12.08333333333333,0.3077907558270286,12.08333333333333,0.155421214147741,1.625000000000001,0.155421214147741,1.625000000000001,-0.3077907558270286,0,0,0,0,0,0,0,0,0,0,0,0,0,0,0,0,0,1,0,0,0,0,0,0,0,0,0,0,0,0,0,0,0,0,0,0,1,0,0,0,1
8,Polystyrene,1.0,9.0,1.0,9.0,1.0,25.0,1.0,18.67739486694336,1,Hexane,Tetrahydrofuran,52.1,5.0,0,100.0,0,4.422425648309624,23.60964047443681,8.363961030678928,5.414213562373095,8.065102539956243,4.99156383156272,3.026585998068889,1.784457050376173,1.010310363079828,8.065102539956243,4.99156383156272,3.026585998068889,1.784457050376173,1.010310363079828,0.0,0.0,0.0,13.21376392902584,38.52492973755606,0.0,0.0,13.84747439938125,4.736862953800049,0.0,158.167065324,2.0,-0.04,11,136.109,1554,9.161612903225805,6.410312174817898,4.618363683662851,72.50575304680962,3.383400000000001,49.86899999999999,158.285,0,1,0,1,1554,1,0,1,3,0,1,68,4.736862953800049,0.0,0,0.0,0.0,39.53076089108528,12.84164324585202,13.21376392902584,0.0,0.0,0,0.0,1,4.736862953800049,0.0,0.0,52.3724041369373,13.21376392902584,0.0,0.0,0.0,0,13.21376392902584,4.736862953800049,0.0,52.3724041369373,0.0,0.0,0,9.23,4.944444444444445,0.0,0.0,0.0,0.0,0.0,8.091944444444444,6.463611111111111,0,0,0,0,0,0,0,1554,0,0,0,0,0,1,0,0,0,0,0,0,0,3,7.17625,0.4468317665608418,7.17625,-0.00694053240252674,2.355,0.1002168721022101,2.355,-0.4468317665608418,0,0,0,0,0,0,0,0,0,0,0,0,0,0,0,0,0,0,0,1,0,0,0,0,0,0,0,0,0,0,0,0,0,0,0,0,1,0,1,0,0
8,Polystyrene,2.5,385.0,2.5,385.0,3.0,7.0,0.6423851251602173,16.28291702270508,2,Tetrahydrofuran,"2,2,4-Trimethylpentane",50.0,5.560432910919189,0,100.0,500,5.472257434691584,66.53842736785714,10.31999095630891,5.916502219436389,10.02113246558623,5.493852488626014,5.478110384011447,1.847970995349284,1.735055234471418,10.02113246558623,5.493852488626014,5.478110384011447,1.847970995349284,1.735055234471418,0.0,0.0,5.41499046939678,19.13166997518723,19.26246486877803,0.0,0.0,34.61868599845312,4.736862953800049,0.0,186.198365452,2.0,-0.04,13,160.131,1554,11.16161290322581,3.930312174817898,6.618363683662851,85.23563727560281,3.875400000000002,58.96299999999999,186.339,0,1,0,1,1554,1,0,1,1,0,1,80,4.736862953800049,0.0,0,0.0,0.0,34.61868599845312,30.5953613843362,13.21376392902584,0.0,0.0,0,0.0,1,4.736862953800049,0.0,11.33289651555817,53.88115086723115,13.21376392902584,0.0,0.0,0.0,0,13.21376392902584,4.736862953800049,11.33289651555817,53.88115086723115,0.0,0.0,0,9.23,4.944444444444445,0.0,0.0,0.5219907407407407,0.8425925925925923,0.0,3.881944444444444,13.39236111111111,0,0,0,0,0,0,0,1554,0,0,0,0,0,1,0,0,0,0,0,0,0,0,7.229166666666666,0.4442031035703146,7.229166666666666,0.00861995159767754,1.521990740740741,0.08465638810200585,1.521990740740741,-0.4442031035703146,0,0,0,0,0,0,0,0,0,0,0,0,0,0,0,0,1,0,0,0,0,0,0,0,0,0,0,0,0,0,0,0,0,0,0,0,1,0,0,0,1
7,Polystyrene,0.3451075553894043,212.7178344726562,0.2042016983032227,224.6798553466797,1.0,33.6,0.5,12.98235321044922,2,Dichloromethane,Acetonitrile,58.0,4.947306156158447,0,100.0,0,4.108527367383008,21.50977500432694,5.414213562373094,2.82842712474619,4.922107214741869,2.327174249224525,1.132744087846969,0.0,0.0,3.41024932270496,1.258129281574828,0.3246220522052001,0.0,0.0,0.0,5.33918526701467,0.0,0.0,6.923737199690624,6.069221312792274,0.0,0.0,28.46377133520352,0.0,124.97990452,1.5,0.06999999999999995,6,120.946,1554,6.070000000000001,4.070000000000002,4.07,48.84255630528777,1.95138,27.86,125.986,0,1,0,0,1554,1,0,3,0,0,0,36,0.0,0.0,0,5.261891554738487,23.20187978046503,0.0,0.0,6.923737199690624,11.40840657980694,0.0,0,0.0,0,0.0,5.261891554738487,0.0,6.923737199690624,5.33918526701467,0.0,6.069221312792274,23.20187978046503,0,5.33918526701467,0.0,11.33111286753076,6.923737199690624,0.0,0.0,0,23.79,0.0,0.0,7.513888888888889,0.0,0.0,1.75,0.0,1.430555555555556,0,0,0,0,0,1,0,1554,0,0,0,0,0,0,0,0,0,1,0,0,0,0,12.08333333333333,0.3077907558270286,12.08333333333333,0.155421214147741,1.625000000000001,0.155421214147741,1.625000000000001,-0.3077907558270286,0,0,0,0,0,0,0,0,0,0,0,0,0,0,0,0,0,1,0,0,0,0,0,0,0,0,0,0,0,0,0,0,0,0,0,0,1,0,0,0,1
7,Polystyrene,0.58,390.0,0.339510440826416,531.6282348632812,1.0,37.9,0.5,16.41989898681641,2,Dichloromethane,Acetonitrile,57.0,5.433900833129883,0,100.0,0,4.108527367383008,21.50977500432694,5.414213562373094,2.82842712474619,4.922107214741869,2.327174249224525,1.132744087846969,0.0,0.0,3.41024932270496,1.258129281574828,0.3246220522052001,0.0,0.0,0.0,5.33918526701467,0.0,0.0,6.923737199690624,6.069221312792274,0.0,0.0,28.46377133520352,0.0,124.97990452,1.5,0.06999999999999995,6,120.946,1554,6.070000000000001,4.070000000000002,4.07,48.84255630528777,1.95138,27.86,125.986,0,1,0,0,1554,1,0,3,0,0,0,36,0.0,0.0,0,5.261891554738487,23.20187978046503,0.0,0.0,6.923737199690624,11.40840657980694,0.0,0,0.0,0,0.0,5.261891554738487,0.0,6.923737199690624,5.33918526701467,0.0,6.069221312792274,23.20187978046503,0,5.33918526701467,0.0,11.33111286753076,6.923737199690624,0.0,0.0,0,23.79,0.0,0.0,7.513888888888889,0.0,0.0,1.75,0.0,1.430555555555556,0,0,0,0,0,1,0,1554,0,0,0,0,0,0,0,0,0,1,0,0,0,0,12.08333333333333,0.3077907558270286,12.08333333333333,0.155421214147741,1.625000000000001,0.155421214147741,1.625000000000001,-0.3077907558270286,0,0,0,0,0,0,0,0,0,0,0,0,0,0,0,0,1,0,0,0,0,0,0,0,0,0,0,0,0,0,0,0,0,0,0,0,1,0,0,0,1
8,Polystyrene,0.58,390.0,0.339510440826416,577.3244018554688,1.0,43.1,0.5,21.1488151550293,2,Dichloromethane,Acetonitrile,57.0,5.318553924560547,0,300.0,0,4.108527367383008,21.50977500432694,5.414213562373094,2.82842712474619,4.922107214741869,2.327174249224525,1.132744087846969,0.0,0.0,3.41024932270496,1.258129281574828,0.3246220522052001,0.0,0.0,0.0,5.33918526701467,0.0,0.0,6.923737199690624,6.069221312792274,0.0,0.0,28.46377133520352,0.0,124.97990452,1.5,0.06999999999999995,6,120.946,1554,6.070000000000001,4.070000000000002,4.07,48.84255630528777,1.95138,27.86,125.986,0,1,0,0,1554,1,0,3,0,0,0,36,0.0,0.0,0,5.261891554738487,23.20187978046503,0.0,0.0,6.923737199690624,11.40840657980694,0.0,0,0.0,0,0.0,5.261891554738487,0.0,6.923737199690624,5.33918526701467,0.0,6.069221312792274,23.20187978046503,0,5.33918526701467,0.0,11.33111286753076,6.923737199690624,0.0,0.0,0,23.79,0.0,0.0,7.513888888888889,0.0,0.0,1.75,0.0,1.430555555555556,0,0,0,0,0,1,0,1554,0,0,0,0,0,0,0,0,0,1,0,0,0,0,12.08333333333333,0.3077907558270286,12.08333333333333,0.155421214147741,1.625000000000001,0.155421214147741,1.625000000000001,-0.3077907558270286,0,0,0,0,0,0,0,0,0,0,0,0,0,0,0,0,1,0,0,0,0,0,0,0,0,0,0,0,0,0,0,0,0,0,0,0,1,0,0,0,1
8,Polystyrene,0.58,390.0,0.3433046340942383,577.3244018554688,1.0,41.0,0.5,21.00502395629883,2,Dichloromethane,Acetonitrile,57.0,5.913535594940186,0,500.0,0,4.108527367383008,21.50977500432694,5.414213562373094,2.82842712474619,4.922107214741869,2.327174249224525,1.132744087846969,0.0,0.0,3.41024932270496,1.258129281574828,0.3246220522052001,0.0,0.0,0.0,5.33918526701467,0.0,0.0,6.923737199690624,6.069221312792274,0.0,0.0,28.46377133520352,0.0,124.97990452,1.5,0.06999999999999995,6,120.946,1554,6.070000000000001,4.070000000000002,4.07,48.84255630528777,1.95138,27.86,125.986,0,1,0,0,1554,1,0,3,0,0,0,36,0.0,0.0,0,5.261891554738487,23.20187978046503,0.0,0.0,6.923737199690624,11.40840657980694,0.0,0,0.0,0,0.0,5.261891554738487,0.0,6.923737199690624,5.33918526701467,0.0,6.069221312792274,23.20187978046503,0,5.33918526701467,0.0,11.33111286753076,6.923737199690624,0.0,0.0,0,23.79,0.0,0.0,7.513888888888889,0.0,0.0,1.75,0.0,1.430555555555556,0,0,0,0,0,1,0,1554,0,0,0,0,0,0,0,0,0,1,0,0,0,0,12.08333333333333,0.3077907558270286,12.08333333333333,0.155421214147741,1.625000000000001,0.155421214147741,1.625000000000001,-0.3077907558270286,0,0,0,0,0,0,0,0,0,0,0,0,0,0,0,0,1,0,0,0,0,0,0,0,0,0,0,0,0,0,0,0,0,0,0,0,1,0,0,0,1
8,Polystyrene,0.58,390.0,0.3433046340942383,577.3244018554688,1.0,41.5,0.5,21.00502395629883,2,Dichloromethane,Acetonitrile,57.0,5.913535594940186,0,1000.0,0,4.108527367383008,21.50977500432694,5.414213562373094,2.82842712474619,4.922107214741869,2.327174249224525,1.132744087846969,0.0,0.0,3.41024932270496,1.258129281574828,0.3246220522052001,0.0,0.0,0.0,5.33918526701467,0.0,0.0,6.923737199690624,6.069221312792274,0.0,0.0,28.46377133520352,0.0,124.97990452,1.5,0.06999999999999995,6,120.946,1554,6.070000000000001,4.070000000000002,4.07,48.84255630528777,1.95138,27.86,125.986,0,1,0,0,1554,1,0,3,0,0,0,36,0.0,0.0,0,5.261891554738487,23.20187978046503,0.0,0.0,6.923737199690624,11.40840657980694,0.0,0,0.0,0,0.0,5.261891554738487,0.0,6.923737199690624,5.33918526701467,0.0,6.069221312792274,23.20187978046503,0,5.33918526701467,0.0,11.33111286753076,6.923737199690624,0.0,0.0,0,23.79,0.0,0.0,7.513888888888889,0.0,0.0,1.75,0.0,1.430555555555556,0,0,0,0,0,1,0,1554,0,0,0,0,0,0,0,0,0,1,0,0,0,0,12.08333333333333,0.3077907558270286,12.08333333333333,0.155421214147741,1.625000000000001,0.155421214147741,1.625000000000001,-0.3077907558270286,0,0,0,0,0,0,0,0,0,0,0,0,0,0,0,0,1,0,0,0,0,0,0,0,0,0,0,0,0,0,0,0,0,0,0,0,1,0,0,0,1
9,Polystyrene,1.7,2890.0,1.993685483932495,2825.51220703125,3.0,40.0,0.5,50.0,1,Dichloromethane,Acetonitrile,57.0,5.0,6,100.0,500,4.108527367383008,21.50977500432694,5.414213562373094,2.82842712474619,4.922107214741869,2.327174249224525,1.132744087846969,0.0,0.0,3.41024932270496,1.258129281574828,0.3246220522052001,0.0,0.0,0.0,5.33918526701467,0.0,0.0,6.923737199690624,6.069221312792274,0.0,0.0,28.46377133520352,0.0,124.97990452,1.5,0.06999999999999995,6,120.946,1554,6.070000000000001,4.070000000000002,4.07,48.84255630528777,1.95138,27.86,125.986,0,1,0,0,1554,1,0,3,0,0,0,36,0.0,0.0,0,5.261891554738487,23.20187978046503,0.0,0.0,6.923737199690624,11.40840657980694,0.0,0,0.0,0,0.0,5.261891554738487,0.0,6.923737199690624,5.33918526701467,0.0,6.069221312792274,23.20187978046503,0,5.33918526701467,0.0,11.33111286753076,6.923737199690624,0.0,0.0,0,23.79,0.0,0.0,7.513888888888889,0.0,0.0,1.75,0.0,1.430555555555556,0,0,0,0,0,1,0,1554,0,0,0,0,0,0,0,0,0,1,0,0,0,0,12.08333333333333,0.3077907558270286,12.08333333333333,0.155421214147741,1.625000000000001,0.155421214147741,1.625000000000001,-0.3077907558270286,0,0,0,0,0,0,0,0,0,0,0,0,0,0,0,0,1,0,0,0,0,0,0,0,0,0,0,0,0,0,0,0,0,0,0,0,1,0,0,0,1
9,Polystyrene,1.8,35.0,1.8,35.0,1.0,25.0,0.5,22.30362510681152,2,Hexane,Tetrahydrofuran,65.4,5.0,0,100.0,0,4.422425648309624,23.60964047443681,8.363961030678928,5.414213562373095,8.065102539956243,4.99156383156272,3.026585998068889,1.784457050376173,1.010310363079828,8.065102539956243,4.99156383156272,3.026585998068889,1.784457050376173,1.010310363079828,0.0,0.0,0.0,13.21376392902584,38.52492973755606,0.0,0.0,13.84747439938125,4.736862953800049,0.0,158.167065324,2.0,-0.04,11,136.109,1554,9.161612903225805,6.410312174817898,4.618363683662851,72.50575304680962,3.383400000000001,49.86899999999999,158.285,0,1,0,1,1554,1,0,1,3,0,1,68,4.736862953800049,0.0,0,0.0,0.0,39.53076089108528,12.84164324585202,13.21376392902584,0.0,0.0,0,0.0,1,4.736862953800049,0.0,0.0,52.3724041369373,13.21376392902584,0.0,0.0,0.0,0,13.21376392902584,4.736862953800049,0.0,52.3724041369373,0.0,0.0,0,9.23,4.944444444444445,0.0,0.0,0.0,0.0,0.0,8.091944444444444,6.463611111111111,0,0,0,0,0,0,0,1554,0,0,0,0,0,1,0,0,0,0,0,0,0,3,7.17625,0.4468317665608418,7.17625,-0.00694053240252674,2.355,0.1002168721022101,2.355,-0.4468317665608418,0,0,0,0,0,0,0,0,0,0,0,0,0,0,0,0,0,0,0,0,0,1,0,0,0,0,0,0,0,0,0,0,0,0,0,1,0,0,1,0,1
10,Polystyrene,15.0,23.0,15.0,23.0,1.0,25.0,0.5,20.0,2,Hexane,Tetrahydrofuran,55.0,5.0,0,100.0,0,4.422425648309624,23.60964047443681,8.363961030678928,5.414213562373095,8.065102539956243,4.99156383156272,3.026585998068889,1.784457050376173,1.010310363079828,8.065102539956243,4.99156383156272,3.026585998068889,1.784457050376173,1.010310363079828,0.0,0.0,0.0,13.21376392902584,38.52492973755606,0.0,0.0,13.84747439938125,4.736862953800049,0.0,158.167065324,2.0,-0.04,11,136.109,1554,9.161612903225805,6.410312174817898,4.618363683662851,72.50575304680962,3.383400000000001,49.86899999999999,158.285,0,1,0,1,1554,1,0,1,3,0,1,68,4.736862953800049,0.0,0,0.0,0.0,39.53076089108528,12.84164324585202,13.21376392902584,0.0,0.0,0,0.0,1,4.736862953800049,0.0,0.0,52.3724041369373,13.21376392902584,0.0,0.0,0.0,0,13.21376392902584,4.736862953800049,0.0,52.3724041369373,0.0,0.0,0,9.23,4.944444444444445,0.0,0.0,0.0,0.0,0.0,8.091944444444444,6.463611111111111,0,0,0,0,0,0,0,1554,0,0,0,0,0,1,0,0,0,0,0,0,0,3,7.17625,0.4468317665608418,7.17625,-0.00694053240252674,2.355,0.1002168721022101,2.355,-0.4468317665608418,0,0,0,0,0,0,0,0,0,0,0,0,0,0,0,0,0,0,0,0,0,0,0,0,1,0,0,0,0,0,0,0,0,0,0,0,1,0,1,0,0
10,Polystyrene,1.8,24.0,1.8,24.0,1.0,25.0,0.5,20.0,2,Hexane,Tetrahydrofuran,55.0,5.0,0,100.0,0,4.422425648309624,23.60964047443681,8.363961030678928,5.414213562373095,8.065102539956243,4.99156383156272,3.026585998068889,1.784457050376173,1.010310363079828,8.065102539956243,4.99156383156272,3.026585998068889,1.784457050376173,1.010310363079828,0.0,0.0,0.0,13.21376392902584,38.52492973755606,0.0,0.0,13.84747439938125,4.736862953800049,0.0,158.167065324,2.0,-0.04,11,136.109,1554,9.161612903225805,6.410312174817898,4.618363683662851,72.50575304680962,3.383400000000001,49.86899999999999,158.285,0,1,0,1,1554,1,0,1,3,0,1,68,4.736862953800049,0.0,0,0.0,0.0,39.53076089108528,12.84164324585202,13.21376392902584,0.0,0.0,0,0.0,1,4.736862953800049,0.0,0.0,52.3724041369373,13.21376392902584,0.0,0.0,0.0,0,13.21376392902584,4.736862953800049,0.0,52.3724041369373,0.0,0.0,0,9.23,4.944444444444445,0.0,0.0,0.0,0.0,0.0,8.091944444444444,6.463611111111111,0,0,0,0,0,0,0,1554,0,0,0,0,0,1,0,0,0,0,0,0,0,3,7.17625,0.4468317665608418,7.17625,-0.00694053240252674,2.355,0.1002168721022101,2.355,-0.4468317665608418,0,0,0,0,0,0,0,0,0,0,0,0,0,0,0,0,0,0,0,0,0,0,0,0,1,0,0,0,0,0,0,0,0,0,0,0,1,0,1,0,0
9,Polystyrene,3.5,3220.0,3.5,135.0,1.0,3.0,1.0,20.0,1,Tetrahydrofuran,Hexane,50.0,5.0,0,100.0,0,4.422425648309624,23.60964047443681,8.363961030678928,5.414213562373095,8.065102539956243,4.99156383156272,3.026585998068889,1.784457050376173,1.010310363079828,8.065102539956243,4.99156383156272,3.026585998068889,1.784457050376173,1.010310363079828,0.0,0.0,0.0,13.21376392902584,38.52492973755606,0.0,0.0,13.84747439938125,4.736862953800049,0.0,158.167065324,2.0,-0.04,11,136.109,1554,9.161612903225805,6.410312174817898,4.618363683662851,72.50575304680962,3.383400000000001,49.86899999999999,158.285,0,1,0,1,1554,1,0,1,3,0,1,68,4.736862953800049,0.0,0,0.0,0.0,39.53076089108528,12.84164324585202,13.21376392902584,0.0,0.0,0,0.0,1,4.736862953800049,0.0,0.0,52.3724041369373,13.21376392902584,0.0,0.0,0.0,0,13.21376392902584,4.736862953800049,0.0,52.3724041369373,0.0,0.0,0,9.23,4.944444444444445,0.0,0.0,0.0,0.0,0.0,8.091944444444444,6.463611111111111,0,0,0,0,0,0,0,1554,0,0,0,0,0,1,0,0,0,0,0,0,0,3,7.17625,0.4468317665608418,7.17625,-0.00694053240252674,2.355,0.1002168721022101,2.355,-0.4468317665608418,0,0,0,0,0,0,0,0,0,0,0,0,0,0,0,0,0,0,0,1,0,0,0,0,0,0,0,0,0,0,0,0,0,0,0,0,1,0,1,0,0
7,Polystyrene,3.5,3220.0,3.5,135.0,1.0,13.0,1.0,20.0,1,Hexane,Tetrahydrofuran,51.0,5.0,0,100.0,0,4.422425648309624,23.60964047443681,8.363961030678928,5.414213562373095,8.065102539956243,4.99156383156272,3.026585998068889,1.784457050376173,1.010310363079828,8.065102539956243,4.99156383156272,3.026585998068889,1.784457050376173,1.010310363079828,0.0,0.0,0.0,13.21376392902584,38.52492973755606,0.0,0.0,13.84747439938125,4.736862953800049,0.0,158.167065324,2.0,-0.04,11,136.109,1554,9.161612903225805,6.410312174817898,4.618363683662851,72.50575304680962,3.383400000000001,49.86899999999999,158.285,0,1,0,1,1554,1,0,1,3,0,1,68,4.736862953800049,0.0,0,0.0,0.0,39.53076089108528,12.84164324585202,13.21376392902584,0.0,0.0,0,0.0,1,4.736862953800049,0.0,0.0,52.3724041369373,13.21376392902584,0.0,0.0,0.0,0,13.21376392902584,4.736862953800049,0.0,52.3724041369373,0.0,0.0,0,9.23,4.944444444444445,0.0,0.0,0.0,0.0,0.0,8.091944444444444,6.463611111111111,0,0,0,0,0,0,0,1554,0,0,0,0,0,1,0,0,0,0,0,0,0,3,7.17625,0.4468317665608418,7.17625,-0.00694053240252674,2.355,0.1002168721022101,2.355,-0.4468317665608418,0,0,0,0,0,0,0,0,0,0,0,0,0,0,0,0,0,0,0,1,0,0,0,0,0,0,0,0,0,0,0,0,0,0,0,0,1,0,1,0,0
10,Polystyrene,3.5,3220.0,3.5,135.0,1.0,23.0,1.0,20.0,1,Hexane,Tetrahydrofuran,52.0,5.0,0,100.0,0,4.422425648309624,23.60964047443681,8.363961030678928,5.414213562373095,8.065102539956243,4.99156383156272,3.026585998068889,1.784457050376173,1.010310363079828,8.065102539956243,4.99156383156272,3.026585998068889,1.784457050376173,1.010310363079828,0.0,0.0,0.0,13.21376392902584,38.52492973755606,0.0,0.0,13.84747439938125,4.736862953800049,0.0,158.167065324,2.0,-0.04,11,136.109,1554,9.161612903225805,6.410312174817898,4.618363683662851,72.50575304680962,3.383400000000001,49.86899999999999,158.285,0,1,0,1,1554,1,0,1,3,0,1,68,4.736862953800049,0.0,0,0.0,0.0,39.53076089108528,12.84164324585202,13.21376392902584,0.0,0.0,0,0.0,1,4.736862953800049,0.0,0.0,52.3724041369373,13.21376392902584,0.0,0.0,0.0,0,13.21376392902584,4.736862953800049,0.0,52.3724041369373,0.0,0.0,0,9.23,4.944444444444445,0.0,0.0,0.0,0.0,0.0,8.091944444444444,6.463611111111111,0,0,0,0,0,0,0,1554,0,0,0,0,0,1,0,0,0,0,0,0,0,3,7.17625,0.4468317665608418,7.17625,-0.00694053240252674,2.355,0.1002168721022101,2.355,-0.4468317665608418,0,0,0,0,0,0,0,0,0,0,0,0,0,0,0,0,0,0,0,1,0,0,0,0,0,0,0,0,0,0,0,0,0,0,0,0,1,0,1,0,0
7,Polystyrene,3.5,3220.0,3.5,135.0,1.0,36.0,1.0,20.0,1,Hexane,Tetrahydrofuran,53.0,5.0,0,100.0,0,4.422425648309624,23.60964047443681,8.363961030678928,5.414213562373095,8.065102539956243,4.99156383156272,3.026585998068889,1.784457050376173,1.010310363079828,8.065102539956243,4.99156383156272,3.026585998068889,1.784457050376173,1.010310363079828,0.0,0.0,0.0,13.21376392902584,38.52492973755606,0.0,0.0,13.84747439938125,4.736862953800049,0.0,158.167065324,2.0,-0.04,11,136.109,1554,9.161612903225805,6.410312174817898,4.618363683662851,72.50575304680962,3.383400000000001,49.86899999999999,158.285,0,1,0,1,1554,1,0,1,3,0,1,68,4.736862953800049,0.0,0,0.0,0.0,39.53076089108528,12.84164324585202,13.21376392902584,0.0,0.0,0,0.0,1,4.736862953800049,0.0,0.0,52.3724041369373,13.21376392902584,0.0,0.0,0.0,0,13.21376392902584,4.736862953800049,0.0,52.3724041369373,0.0,0.0,0,9.23,4.944444444444445,0.0,0.0,0.0,0.0,0.0,8.091944444444444,6.463611111111111,0,0,0,0,0,0,0,1554,0,0,0,0,0,1,0,0,0,0,0,0,0,3,7.17625,0.4468317665608418,7.17625,-0.00694053240252674,2.355,0.1002168721022101,2.355,-0.4468317665608418,0,0,0,0,0,0,0,0,0,0,0,0,0,0,0,0,0,0,0,1,0,0,0,0,0,0,0,0,0,0,0,0,0,0,0,0,1,0,1,0,0
7,Polystyrene,3.5,3220.0,3.5,135.0,1.0,54.0,1.0,20.0,1,Hexane,Tetrahydrofuran,54.0,5.0,0,100.0,0,4.422425648309624,23.60964047443681,8.363961030678928,5.414213562373095,8.065102539956243,4.99156383156272,3.026585998068889,1.784457050376173,1.010310363079828,8.065102539956243,4.99156383156272,3.026585998068889,1.784457050376173,1.010310363079828,0.0,0.0,0.0,13.21376392902584,38.52492973755606,0.0,0.0,13.84747439938125,4.736862953800049,0.0,158.167065324,2.0,-0.04,11,136.109,1554,9.161612903225805,6.410312174817898,4.618363683662851,72.50575304680962,3.383400000000001,49.86899999999999,158.285,0,1,0,1,1554,1,0,1,3,0,1,68,4.736862953800049,0.0,0,0.0,0.0,39.53076089108528,12.84164324585202,13.21376392902584,0.0,0.0,0,0.0,1,4.736862953800049,0.0,0.0,52.3724041369373,13.21376392902584,0.0,0.0,0.0,0,13.21376392902584,4.736862953800049,0.0,52.3724041369373,0.0,0.0,0,9.23,4.944444444444445,0.0,0.0,0.0,0.0,0.0,8.091944444444444,6.463611111111111,0,0,0,0,0,0,0,1554,0,0,0,0,0,1,0,0,0,0,0,0,0,3,7.17625,0.4468317665608418,7.17625,-0.00694053240252674,2.355,0.1002168721022101,2.355,-0.4468317665608418,0,0,0,0,0,0,0,0,0,0,0,0,0,0,0,0,0,0,0,1,0,0,0,0,0,0,0,0,0,0,0,0,0,0,0,0,1,0,1,0,0
7,Polystyrene,3.5,3220.0,3.5,135.0,1.0,75.0,1.0,20.0,1,Hexane,Tetrahydrofuran,55.0,5.0,0,100.0,0,4.422425648309624,23.60964047443681,8.363961030678928,5.414213562373095,8.065102539956243,4.99156383156272,3.026585998068889,1.784457050376173,1.010310363079828,8.065102539956243,4.99156383156272,3.026585998068889,1.784457050376173,1.010310363079828,0.0,0.0,0.0,13.21376392902584,38.52492973755606,0.0,0.0,13.84747439938125,4.736862953800049,0.0,158.167065324,2.0,-0.04,11,136.109,1554,9.161612903225805,6.410312174817898,4.618363683662851,72.50575304680962,3.383400000000001,49.86899999999999,158.285,0,1,0,1,1554,1,0,1,3,0,1,68,4.736862953800049,0.0,0,0.0,0.0,39.53076089108528,12.84164324585202,13.21376392902584,0.0,0.0,0,0.0,1,4.736862953800049,0.0,0.0,52.3724041369373,13.21376392902584,0.0,0.0,0.0,0,13.21376392902584,4.736862953800049,0.0,52.3724041369373,0.0,0.0,0,9.23,4.944444444444445,0.0,0.0,0.0,0.0,0.0,8.091944444444444,6.463611111111111,0,0,0,0,0,0,0,1554,0,0,0,0,0,1,0,0,0,0,0,0,0,3,7.17625,0.4468317665608418,7.17625,-0.00694053240252674,2.355,0.1002168721022101,2.355,-0.4468317665608418,0,0,0,0,0,0,0,0,0,0,0,0,0,0,0,0,0,0,0,1,0,0,0,0,0,0,0,0,0,0,0,0,0,0,0,0,1,0,1,0,0
8,Polystyrene,3.5,3220.0,3.5,135.0,1.0,25.0,1.0,20.0,1,Hexane,Tetrahydrofuran,60.3,5.0,0,100.0,0,4.422425648309624,23.60964047443681,8.363961030678928,5.414213562373095,8.065102539956243,4.99156383156272,3.026585998068889,1.784457050376173,1.010310363079828,8.065102539956243,4.99156383156272,3.026585998068889,1.784457050376173,1.010310363079828,0.0,0.0,0.0,13.21376392902584,38.52492973755606,0.0,0.0,13.84747439938125,4.736862953800049,0.0,158.167065324,2.0,-0.04,11,136.109,1554,9.161612903225805,6.410312174817898,4.618363683662851,72.50575304680962,3.383400000000001,49.86899999999999,158.285,0,1,0,1,1554,1,0,1,3,0,1,68,4.736862953800049,0.0,0,0.0,0.0,39.53076089108528,12.84164324585202,13.21376392902584,0.0,0.0,0,0.0,1,4.736862953800049,0.0,0.0,52.3724041369373,13.21376392902584,0.0,0.0,0.0,0,13.21376392902584,4.736862953800049,0.0,52.3724041369373,0.0,0.0,0,9.23,4.944444444444445,0.0,0.0,0.0,0.0,0.0,8.091944444444444,6.463611111111111,0,0,0,0,0,0,0,1554,0,0,0,0,0,1,0,0,0,0,0,0,0,3,7.17625,0.4468317665608418,7.17625,-0.00694053240252674,2.355,0.1002168721022101,2.355,-0.4468317665608418,0,0,0,0,0,0,0,0,0,0,0,0,0,0,0,0,0,0,0,1,0,0,0,0,0,0,0,0,0,0,0,0,0,0,0,0,1,0,1,0,0
8,Polystyrene,3.5,3220.0,3.532551765441895,135.9067077636719,1.0,25.0,1.0,20.0,1,Tetrahydrofuran,Hexane,50.4,5.0,0,100.0,0,4.422425648309624,23.60964047443681,8.363961030678928,5.414213562373095,8.065102539956243,4.99156383156272,3.026585998068889,1.784457050376173,1.010310363079828,8.065102539956243,4.99156383156272,3.026585998068889,1.784457050376173,1.010310363079828,0.0,0.0,0.0,13.21376392902584,38.52492973755606,0.0,0.0,13.84747439938125,4.736862953800049,0.0,158.167065324,2.0,-0.04,11,136.109,1554,9.161612903225805,6.410312174817898,4.618363683662851,72.50575304680962,3.383400000000001,49.86899999999999,158.285,0,1,0,1,1554,1,0,1,3,0,1,68,4.736862953800049,0.0,0,0.0,0.0,39.53076089108528,12.84164324585202,13.21376392902584,0.0,0.0,0,0.0,1,4.736862953800049,0.0,0.0,52.3724041369373,13.21376392902584,0.0,0.0,0.0,0,13.21376392902584,4.736862953800049,0.0,52.3724041369373,0.0,0.0,0,9.23,4.944444444444445,0.0,0.0,0.0,0.0,0.0,8.091944444444444,6.463611111111111,0,0,0,0,0,0,0,1554,0,0,0,0,0,1,0,0,0,0,0,0,0,3,7.17625,0.4468317665608418,7.17625,-0.00694053240252674,2.355,0.1002168721022101,2.355,-0.4468317665608418,0,0,0,0,0,0,0,0,0,0,0,0,0,0,0,0,0,0,0,0,0,0,0,0,0,0,1,0,0,0,0,0,0,0,0,0,1,1,0,0,0
8,Polystyrene,3.7,1700.0,3.702507495880127,100.0498962402344,1.0,25.0,1.0,20.0,1,Dichloromethane,Hexane,69.0,5.0,0,100.0,0,3.972085476831743,12.0,7.535533905932737,4.32842712474619,7.803320743988101,4.517781013847641,2.616244071283536,0.9571067811865472,0.4999999999999998,6.291462851951191,3.448736046197943,1.808122035641768,0.9571067811865472,0.4999999999999998,0.0,5.33918526701467,0.0,0.0,25.68328649170404,0.0,0.0,13.84747439938125,23.20187978046503,0.0,170.062905872,2.0,0.58,9,154.983,1554,9.58,7.58,6.580000000000001,69.90974508140549,4.008100000000001,46.38899999999998,171.111,0,0,0,0,1554,0,0,2,3,0,0,58,0.0,0.0,0,0.0,23.20187978046503,39.53076089108528,0.0,0.0,5.33918526701467,0.0,0,0.0,0,0.0,0.0,0.0,39.53076089108528,5.33918526701467,0.0,0.0,23.20187978046503,0,5.33918526701467,0.0,0.0,39.53076089108528,0.0,0.0,0,0.0,0.0,0.0,0.1944444444444446,0.0,0.0,0.0,5.536388888888888,4.463611111111111,0,0,0,0,0,0,0,1554,0,0,0,0,0,0,0,0,0,0,0,0,0,3,6.995694444444443,0.1745147144986288,6.995694444444443,0.04312768812412354,1.549444444444445,0.1502850926288604,1.549444444444445,-0.1745147144986288,0,0,0,0,0,0,0,0,0,0,0,0,0,0,0,0,0,0,0,1,0,0,0,0,0,0,0,0,0,0,0,0,0,0,0,0,1,0,1,0,0
6,Polystyrene,2.633776664733887,221.3047790527344,2.95820140838623,200.2118835449219,1.0,25.0,1.0,20.0,1,Dichloromethane,Hexane,50.3,5.0,0,100.0,0,3.972085476831743,12.0,7.535533905932737,4.32842712474619,7.803320743988101,4.517781013847641,2.616244071283536,0.9571067811865472,0.4999999999999998,6.291462851951191,3.448736046197943,1.808122035641768,0.9571067811865472,0.4999999999999998,0.0,5.33918526701467,0.0,0.0,25.68328649170404,0.0,0.0,13.84747439938125,23.20187978046503,0.0,170.062905872,2.0,0.58,9,154.983,1554,9.58,7.58,6.580000000000001,69.90974508140549,4.008100000000001,46.38899999999998,171.111,0,0,0,0,1554,0,0,2,3,0,0,58,0.0,0.0,0,0.0,23.20187978046503,39.53076089108528,0.0,0.0,5.33918526701467,0.0,0,0.0,0,0.0,0.0,0.0,39.53076089108528,5.33918526701467,0.0,0.0,23.20187978046503,0,5.33918526701467,0.0,0.0,39.53076089108528,0.0,0.0,0,0.0,0.0,0.0,0.1944444444444446,0.0,0.0,0.0,5.536388888888888,4.463611111111111,0,0,0,0,0,0,0,1554,0,0,0,0,0,0,0,0,0,0,0,0,0,3,6.995694444444443,0.1745147144986288,6.995694444444443,0.04312768812412354,1.549444444444445,0.1502850926288604,1.549444444444445,-0.1745147144986288,0,0,0,0,0,0,0,0,0,0,0,0,0,0,0,0,0,0,0,0,0,0,0,0,0,0,1,0,0,0,0,0,0,0,0,0,1,1,0,0,0
8,Polystyrene,3.7,1700.0,3.7,50.0,1.0,25.0,1.0,20.0,1,Hexane,Methyl Ethyl Ketone,62.9,5.0,0,100.0,0,5.186471238063963,47.30296890880646,9.112884175122364,5.184269172402757,8.4437821963966,4.678997879384848,2.762675274902432,1.454997739077228,0.4999999999999998,8.4437821963966,4.678997879384848,2.762675274902432,1.454997739077228,0.4999999999999998,0.0,5.783244946364939,6.42082162292601,0.0,25.68328649170404,6.923737199690624,6.923737199690624,13.84747439938125,0.0,4.794537184071822,158.167065324,1.75,-0.33,11,136.109,1554,10.67,6.942479564032698,7.67,72.55956107087573,3.572000000000001,50.78799999999997,158.285,0,1,0,0,1554,1,0,1,4,0,0,68,4.794537184071822,0.0,0,0.0,0.0,46.4544980907759,6.923737199690624,6.42082162292601,0.0,5.783244946364939,0,0.0,0,4.794537184071822,0.0,0.0,59.79905691339254,0.0,0.0,0.0,5.783244946364939,0,5.783244946364939,4.794537184071822,0.0,59.79905691339254,0.0,0.0,0,17.07,0.0,9.8125,0.0,0.0,0.25462962962963,0.0,6.203055555555554,7.89648148148148,0,0,0,1,1,0,0,1554,0,0,0,0,0,0,1,1,0,0,0,0,0,3,12.04430555555555,0.3654247695575361,12.04430555555555,0.07548633027366916,1.60962962962963,0.182643734778406,1.60962962962963,-0.3654247695575361,0,0,0,0,0,0,0,0,0,0,0,0,0,0,0,0,0,0,0,1,0,0,0,0,0,0,0,0,0,0,0,0,0,0,0,0,1,0,1,0,0
8,Polystyrene,3.7,1700.0,3.7,50.0,1.0,25.0,1.0,20.0,1,Hexane,Ethyl Acetate,62.3,5.0,0,100.0,0,5.170349424907656,56.0,9.81999095630891,5.684269172402757,8.852030486860464,4.818243768618318,2.631701106875963,1.304707480880239,0.7032631323962852,8.852030486860464,4.818243768618318,2.631701106875963,1.304707480880239,0.7032631323962852,0.0,5.969305287951849,6.606881964512918,0.0,32.60702369139467,6.923737199690624,0.0,18.5843373531813,0.0,4.794537184071822,174.161979944,1.75,-0.53,12,152.108,1554,11.47,7.693713646532438,7.470000000000001,77.67310630038261,3.156000000000001,52.12299999999998,174.284,0,2,0,0,1554,2,0,2,4,0,0,74,4.736862953800049,4.794537184071822,0,0.0,0.0,39.53076089108528,6.923737199690624,6.923737199690624,6.606881964512918,0.0,0,5.969305287951849,0,9.53140013787187,0.0,0.0,53.37823529046653,6.606881964512918,0.0,0.0,5.969305287951849,0,12.57618725246477,9.53140013787187,0.0,53.37823529046653,0.0,0.0,0,26.3,4.402777777777778,9.821527777777778,0.0,0.0,-0.2106481481481479,0.0,5.536388888888888,8.11662037037037,0,0,0,1,1,0,0,1554,0,0,0,0,1,1,0,0,0,0,0,0,0,3,12.05333333333333,0.5315542745725401,12.05333333333333,0.2485340754746223,1.565648148148148,0.3556914799793591,1.144351851851852,-0.5315542745725401,0,0,0,0,0,0,0,0,0,0,0,0,0,0,0,0,0,0,0,1,0,0,0,0,0,0,0,0,0,0,0,0,0,0,0,0,1,0,1,0,0
8,Polystyrene,0.1,100.0,0.1,100.0,1.0,25.0,1.0,20.0,1,Toluene,Hexane,83.9,5.0,0,100.0,0,5.360557624700377,141.9656602453383,9.941311299868554,6.308060412490446,9.215178470694319,5.324897164896055,3.361807319565799,1.897562516201854,1.034377897417611,9.215178470694319,5.324897164896055,3.361807319565799,1.897562516201854,1.034377897417611,0.0,0.0,0.0,0.0,31.24673798340104,0.0,18.19910120538483,32.90394573599509,0.0,0.0,178.172150704,1.142857142857143,-0.78,13,156.143,1554,10.38077170418006,6.783286039855434,5.038264132411507,84.36030683370616,4.581620000000001,60.99499999999998,178.319,0,0,0,0,1554,0,0,0,3,0,0,74,0.0,0.0,0,0.0,0.0,75.42604772509033,6.923737199690624,0.0,0.0,0.0,0,0.0,1,0.0,0.0,0.0,46.4544980907759,0.0,35.89528683400505,0.0,0.0,0,0.0,0.0,6.923737199690624,45.09421238278227,30.33183534230805,0.0,0,0.0,0.0,0.0,0.0,1.32175925925926,0.0,10.26157407407407,5.536388888888888,6.546944444444444,0,0,0,0,0,0,0,1554,1,1,0,0,0,0,0,0,0,0,0,0,0,3,4.315138888888888,0.1276314703801184,4.315138888888888,-0.09335322857599593,2.67675925925926,0.09335322857599593,2.67675925925926,-0.1276314703801184,0,0,0,0,0,0,0,0,0,0,0,0,0,0,0,0,0,0,0,1,0,0,0,0,0,0,0,0,0,0,0,0,0,0,0,0,1,0,1,0,0
8,Polystyrene,0.1,100.0,0.1,100.0,1.0,25.0,1.0,20.0,1,Toluene,Hexane,77.3,5.0,0,100.0,0,5.360557624700377,141.9656602453383,9.941311299868554,6.308060412490446,9.215178470694319,5.324897164896055,3.361807319565799,1.897562516201854,1.034377897417611,9.215178470694319,5.324897164896055,3.361807319565799,1.897562516201854,1.034377897417611,0.0,0.0,0.0,0.0,31.24673798340104,0.0,18.19910120538483,32.90394573599509,0.0,0.0,178.172150704,1.142857142857143,-0.78,13,156.143,1554,10.38077170418006,6.783286039855434,5.038264132411507,84.36030683370616,4.581620000000001,60.99499999999998,178.319,0,0,0,0,1554,0,0,0,3,0,0,74,0.0,0.0,0,0.0,0.0,75.42604772509033,6.923737199690624,0.0,0.0,0.0,0,0.0,1,0.0,0.0,0.0,46.4544980907759,0.0,35.89528683400505,0.0,0.0,0,0.0,0.0,6.923737199690624,45.09421238278227,30.33183534230805,0.0,0,0.0,0.0,0.0,0.0,1.32175925925926,0.0,10.26157407407407,5.536388888888888,6.546944444444444,0,0,0,0,0,0,0,1554,1,1,0,0,0,0,0,0,0,0,0,0,0,3,4.315138888888888,0.1276314703801184,4.315138888888888,-0.09335322857599593,2.67675925925926,0.09335322857599593,2.67675925925926,-0.1276314703801184,0,0,0,0,0,0,0,0,0,0,0,0,0,0,0,0,0,0,0,0,0,0,0,0,0,0,1,0,0,0,0,0,0,0,0,0,1,1,0,0,0
9,Polystyrene,1.0,900.0,1.0,900.0,2.0,25.0,0.3842759430408478,72.24861145019531,3,Hexane,Tetrahydrofuran,56.6,10.0,10,300.0,1000,4.422425648309624,23.60964047443681,8.363961030678928,5.414213562373095,8.065102539956243,4.99156383156272,3.026585998068889,1.784457050376173,1.010310363079828,8.065102539956243,4.99156383156272,3.026585998068889,1.784457050376173,1.010310363079828,0.0,0.0,0.0,13.21376392902584,38.52492973755606,0.0,0.0,13.84747439938125,4.736862953800049,0.0,158.167065324,2.0,-0.04,11,136.109,1554,9.161612903225805,6.410312174817898,4.618363683662851,72.50575304680962,3.383400000000001,49.86899999999999,158.285,0,1,0,1,1554,1,0,1,3,0,1,68,4.736862953800049,0.0,0,0.0,0.0,39.53076089108528,12.84164324585202,13.21376392902584,0.0,0.0,0,0.0,1,4.736862953800049,0.0,0.0,52.3724041369373,13.21376392902584,0.0,0.0,0.0,0,13.21376392902584,4.736862953800049,0.0,52.3724041369373,0.0,0.0,0,9.23,4.944444444444445,0.0,0.0,0.0,0.0,0.0,8.091944444444444,6.463611111111111,0,0,0,0,0,0,0,1554,0,0,0,0,0,1,0,0,0,0,0,0,0,3,7.17625,0.4468317665608418,7.17625,-0.00694053240252674,2.355,0.1002168721022101,2.355,-0.4468317665608418,0,0,0,0,0,0,0,0,0,0,1,0,0,0,0,0,0,0,0,0,0,0,0,0,0,0,0,0,0,0,0,0,0,0,0,0,1,0,1,0,0
9,Polystyrene,0.5,9.1,0.5,9.1,1.0,30.0,0.5,25.0,1,Tetrahydrofuran,Water,87.0,4.0,0,60.0,0,2.083333333333333,11.60964047443681,3.535533905932738,2.5,3.736675415210053,2.077350269189625,1.319479216882342,0.8273502691896256,0.5103103630798287,3.736675415210053,2.077350269189625,1.319479216882342,0.8273502691896256,0.5103103630798287,0.0,5.476191835881363,0.0,13.21376392902584,12.84164324585202,0.0,0.0,0.0,4.736862953800049,0.0,90.06807956,1.0,-0.08,6,80.042,1554,4.121612903225808,-25.62968782518213,-103.4216363163373,38.79102263531512,-0.02790000000000004,23.6668,90.122,2,2,0,1,1554,1,0,2,0,0,1,38,10.21305478968141,0.0,0,0.0,0.0,0.0,12.84164324585202,13.21376392902584,0.0,0.0,0,0.0,1,10.21305478968141,0.0,0.0,12.84164324585202,13.21376392902584,0.0,0.0,0.0,0,18.6899557649072,4.736862953800049,0.0,12.84164324585202,0.0,0.0,0,40.73,4.944444444444445,0.0,0.0,0.0,0.0,0.0,2.555555555555555,2.0,0,0,0,0,0,0,0,1554,0,0,0,0,0,1,0,0,0,0,0,0,0,0,4.944444444444445,0.7929589039001408,4.944444444444445,-0.3648713520875809,1.0,0.4581476917872643,1.0,-0.7929589039001408,0,1,0,0,0,0,0,0,0,0,0,0,0,0,0,0,0,0,0,0,0,0,0,0,0,0,0,0,0,0,0,0,0,0,0,0,1,0,0,0,1
6,Polystyrene,0.5,9.1,0.5,9.1,1.0,30.0,0.5,25.0,0,Tetrahydrofuran,Water,89.0,10.0,0,176.7360534667969,0,2.083333333333333,11.60964047443681,3.535533905932738,2.5,3.736675415210053,2.077350269189625,1.319479216882342,0.8273502691896256,0.5103103630798287,3.736675415210053,2.077350269189625,1.319479216882342,0.8273502691896256,0.5103103630798287,0.0,5.476191835881363,0.0,13.21376392902584,12.84164324585202,0.0,0.0,0.0,4.736862953800049,0.0,90.06807956,1.0,-0.08,6,80.042,1554,4.121612903225808,-25.62968782518213,-103.4216363163373,38.79102263531512,-0.02790000000000004,23.6668,90.122,2,2,0,1,1554,1,0,2,0,0,1,38,10.21305478968141,0.0,0,0.0,0.0,0.0,12.84164324585202,13.21376392902584,0.0,0.0,0,0.0,1,10.21305478968141,0.0,0.0,12.84164324585202,13.21376392902584,0.0,0.0,0.0,0,18.6899557649072,4.736862953800049,0.0,12.84164324585202,0.0,0.0,0,40.73,4.944444444444445,0.0,0.0,0.0,0.0,0.0,2.555555555555555,2.0,0,0,0,0,0,0,0,1554,0,0,0,0,0,1,0,0,0,0,0,0,0,0,4.944444444444445,0.7929589039001408,4.944444444444445,-0.3648713520875809,1.0,0.4581476917872643,1.0,-0.7929589039001408,0,0,0,0,0,0,0,0,0,0,0,0,0,0,0,0,0,0,0,0,0,0,0,0,0,0,0,0,0,0,0,0,0,0,1,0,1,0,0,1,1
7,Polystyrene,0.5,9.1,0.5,9.1,1.0,30.0,0.5,25.0,1,Tetrahydrofuran,Water,89.0,5.0,0,100.0,0,2.083333333333333,11.60964047443681,3.535533905932738,2.5,3.736675415210053,2.077350269189625,1.319479216882342,0.8273502691896256,0.5103103630798287,3.736675415210053,2.077350269189625,1.319479216882342,0.8273502691896256,0.5103103630798287,0.0,5.476191835881363,0.0,13.21376392902584,12.84164324585202,0.0,0.0,0.0,4.736862953800049,0.0,90.06807956,1.0,-0.08,6,80.042,1554,4.121612903225808,-25.62968782518213,-103.4216363163373,38.79102263531512,-0.02790000000000004,23.6668,90.122,2,2,0,1,1554,1,0,2,0,0,1,38,10.21305478968141,0.0,0,0.0,0.0,0.0,12.84164324585202,13.21376392902584,0.0,0.0,0,0.0,1,10.21305478968141,0.0,0.0,12.84164324585202,13.21376392902584,0.0,0.0,0.0,0,18.6899557649072,4.736862953800049,0.0,12.84164324585202,0.0,0.0,0,40.73,4.944444444444445,0.0,0.0,0.0,0.0,0.0,2.555555555555555,2.0,0,0,0,0,0,0,0,1554,0,0,0,0,0,1,0,0,0,0,0,0,0,0,4.944444444444445,0.7929589039001408,4.944444444444445,-0.3648713520875809,1.0,0.4581476917872643,1.0,-0.7929589039001408,0,1,0,0,0,0,0,0,0,0,0,0,0,0,0,0,0,0,0,0,0,0,0,0,0,0,0,0,0,0,0,0,0,0,0,0,1,0,0,0,1
7,Polystyrene,0.5,9.1,0.5,9.1,1.0,30.0,0.5,25.0,1,Tetrahydrofuran,Water,88.0,5.0,0,300.0,0,2.083333333333333,11.60964047443681,3.535533905932738,2.5,3.736675415210053,2.077350269189625,1.319479216882342,0.8273502691896256,0.5103103630798287,3.736675415210053,2.077350269189625,1.319479216882342,0.8273502691896256,0.5103103630798287,0.0,5.476191835881363,0.0,13.21376392902584,12.84164324585202,0.0,0.0,0.0,4.736862953800049,0.0,90.06807956,1.0,-0.08,6,80.042,1554,4.121612903225808,-25.62968782518213,-103.4216363163373,38.79102263531512,-0.02790000000000004,23.6668,90.122,2,2,0,1,1554,1,0,2,0,0,1,38,10.21305478968141,0.0,0,0.0,0.0,0.0,12.84164324585202,13.21376392902584,0.0,0.0,0,0.0,1,10.21305478968141,0.0,0.0,12.84164324585202,13.21376392902584,0.0,0.0,0.0,0,18.6899557649072,4.736862953800049,0.0,12.84164324585202,0.0,0.0,0,40.73,4.944444444444445,0.0,0.0,0.0,0.0,0.0,2.555555555555555,2.0,0,0,0,0,0,0,0,1554,0,0,0,0,0,1,0,0,0,0,0,0,0,0,4.944444444444445,0.7929589039001408,4.944444444444445,-0.3648713520875809,1.0,0.4581476917872643,1.0,-0.7929589039001408,0,1,0,0,0,0,0,0,0,0,0,0,0,0,0,0,0,0,0,0,0,0,0,0,0,0,0,0,0,0,0,0,0,0,0,0,1,0,0,0,1
7,Polystyrene,1.6,500.0,1.6,500.0,1.0,50.0,0.4841477870941162,-0.03363037109375,2,Hexane,Tetrahydrofuran,51.8,5.896471500396729,0,1000.0,0,4.422425648309624,23.60964047443681,8.363961030678928,5.414213562373095,8.065102539956243,4.99156383156272,3.026585998068889,1.784457050376173,1.010310363079828,8.065102539956243,4.99156383156272,3.026585998068889,1.784457050376173,1.010310363079828,0.0,0.0,0.0,13.21376392902584,38.52492973755606,0.0,0.0,13.84747439938125,4.736862953800049,0.0,158.167065324,2.0,-0.04,11,136.109,1554,9.161612903225805,6.410312174817898,4.618363683662851,72.50575304680962,3.383400000000001,49.86899999999999,158.285,0,1,0,1,1554,1,0,1,3,0,1,68,4.736862953800049,0.0,0,0.0,0.0,39.53076089108528,12.84164324585202,13.21376392902584,0.0,0.0,0,0.0,1,4.736862953800049,0.0,0.0,52.3724041369373,13.21376392902584,0.0,0.0,0.0,0,13.21376392902584,4.736862953800049,0.0,52.3724041369373,0.0,0.0,0,9.23,4.944444444444445,0.0,0.0,0.0,0.0,0.0,8.091944444444444,6.463611111111111,0,0,0,0,0,0,0,1554,0,0,0,0,0,1,0,0,0,0,0,0,0,3,7.17625,0.4468317665608418,7.17625,-0.00694053240252674,2.355,0.1002168721022101,2.355,-0.4468317665608418,0,0,0,0,0,0,0,0,0,0,0,0,0,0,0,0,0,0,0,1,0,0,0,0,0,0,0,0,0,0,0,0,0,0,0,0,1,0,1,0,0
7,Polystyrene,4.4,122.0,4.4,122.0,1.0,25.0,0.5616010427474976,7.164623260498047,0,Tetrahydrofuran,Hexane,51.3,5.197471618652344,0,100.0,0,4.422425648309624,23.60964047443681,8.363961030678928,5.414213562373095,8.065102539956243,4.99156383156272,3.026585998068889,1.784457050376173,1.010310363079828,8.065102539956243,4.99156383156272,3.026585998068889,1.784457050376173,1.010310363079828,0.0,0.0,0.0,13.21376392902584,38.52492973755606,0.0,0.0,13.84747439938125,4.736862953800049,0.0,158.167065324,2.0,-0.04,11,136.109,1554,9.161612903225805,6.410312174817898,4.618363683662851,72.50575304680962,3.383400000000001,49.86899999999999,158.285,0,1,0,1,1554,1,0,1,3,0,1,68,4.736862953800049,0.0,0,0.0,0.0,39.53076089108528,12.84164324585202,13.21376392902584,0.0,0.0,0,0.0,1,4.736862953800049,0.0,0.0,52.3724041369373,13.21376392902584,0.0,0.0,0.0,0,13.21376392902584,4.736862953800049,0.0,52.3724041369373,0.0,0.0,0,9.23,4.944444444444445,0.0,0.0,0.0,0.0,0.0,8.091944444444444,6.463611111111111,0,0,0,0,0,0,0,1554,0,0,0,0,0,1,0,0,0,0,0,0,0,3,7.17625,0.4468317665608418,7.17625,-0.00694053240252674,2.355,0.1002168721022101,2.355,-0.4468317665608418,0,0,0,0,0,0,0,0,0,0,0,0,0,0,0,0,0,0,0,1,0,0,0,0,0,0,0,0,0,0,0,0,0,0,0,0,1,0,1,0,0
6,Polystyrene,20.0,330.0,20.0,330.0,1.0,31.0,0.7484704256057739,15.98476409912109,0,Cyclohexane,Tetrahydrofuran,85.0,7.189215660095215,0,500.0,0,4.083333333333333,27.11941547876375,7.778174593052023,5.5,7.479316102329338,5.077350269189624,3.440799560441984,2.327350269189626,1.57097053485965,7.479316102329338,5.077350269189624,3.440799560441984,2.327350269189626,1.57097053485965,0.0,0.0,0.0,13.21376392902584,51.36657298340808,0.0,0.0,0.0,4.736862953800049,0.0,156.15141526,2.0,-0.04,11,136.109,1554,7.328279569892473,3.63253439704012,1.618363683662851,71.4999218932804,3.1374,47.75499999999998,156.269,0,1,1,1,1554,1,0,1,0,1,1,66,4.736862953800049,0.0,0,0.0,0.0,38.52492973755606,12.84164324585202,13.21376392902584,0.0,0.0,0,0.0,2,4.736862953800049,0.0,0.0,51.36657298340808,13.21376392902584,0.0,0.0,0.0,0,13.21376392902584,4.736862953800049,0.0,51.36657298340808,0.0,0.0,0,9.23,4.944444444444445,0.0,0.0,0.0,0.0,0.0,11.55555555555556,2.0,0,0,0,0,0,0,0,1554,0,0,0,0,0,1,0,0,0,0,0,0,0,0,6.444444444444445,0.4347553547518339,6.444444444444445,-0.006667802939274006,2.5,0.0999441426389574,2.5,-0.4347553547518339,0,0,0,0,0,0,0,0,0,0,1,0,0,0,0,0,0,0,0,0,0,0,0,0,0,0,0,0,0,0,0,0,0,0,0,0,1,0,1,0,0
6,Polystyrene,2.2,68.0,2.2,68.0,1.0,23.0,0.6245613098144531,22.4899787902832,0,Cyclohexane,Tetrahydrofuran,85.0,5.173129558563232,0,90.0,0,4.083333333333333,27.11941547876375,7.778174593052023,5.5,7.479316102329338,5.077350269189624,3.440799560441984,2.327350269189626,1.57097053485965,7.479316102329338,5.077350269189624,3.440799560441984,2.327350269189626,1.57097053485965,0.0,0.0,0.0,13.21376392902584,51.36657298340808,0.0,0.0,0.0,4.736862953800049,0.0,156.15141526,2.0,-0.04,11,136.109,1554,7.328279569892473,3.63253439704012,1.618363683662851,71.4999218932804,3.1374,47.75499999999998,156.269,0,1,1,1,1554,1,0,1,0,1,1,66,4.736862953800049,0.0,0,0.0,0.0,38.52492973755606,12.84164324585202,13.21376392902584,0.0,0.0,0,0.0,2,4.736862953800049,0.0,0.0,51.36657298340808,13.21376392902584,0.0,0.0,0.0,0,13.21376392902584,4.736862953800049,0.0,51.36657298340808,0.0,0.0,0,9.23,4.944444444444445,0.0,0.0,0.0,0.0,0.0,11.55555555555556,2.0,0,0,0,0,0,0,0,1554,0,0,0,0,0,1,0,0,0,0,0,0,0,0,6.444444444444445,0.4347553547518339,6.444444444444445,-0.006667802939274006,2.5,0.0999441426389574,2.5,-0.4347553547518339,0,0,0,0,0,0,0,0,0,0,0,0,0,0,0,0,0,0,0,0,0,0,0,1,0,0,0,0,0,0,0,0,0,0,0,0,1,0,1,0,0
7,Polystyrene,1.6,200.0,1.6,200.0,1.0,37.0,0.5100705623626709,10.14711761474609,2,Tetrahydrofuran,Acetonitrile,50.0,5.464450359344482,0,300.0,0,4.558867538860889,33.11941547876375,6.242640687119286,3.914213562373095,5.183889010710011,2.800957066939604,1.543086014632321,0.8273502691896256,0.5103103630798287,5.183889010710011,2.800957066939604,1.543086014632321,0.8273502691896256,0.5103103630798287,0.0,0.0,0.0,13.21376392902584,19.76538044554265,6.069221312792274,0.0,0.0,9.998754508538536,0.0,113.084063972,1.5,-0.55,8,102.072,1554,5.651612903225807,2.9003121748179,2.10836368366285,51.4385642706919,1.32668,31.34,113.16,0,2,0,1,1554,2,0,2,0,0,1,46,4.736862953800049,0.0,0,5.261891554738487,0.0,0.0,12.84164324585202,20.13750112871647,6.069221312792274,0.0,0,0.0,1,4.736862953800049,5.261891554738487,0.0,19.76538044554265,13.21376392902584,0.0,6.069221312792274,0.0,0,13.21376392902584,4.736862953800049,11.33111286753076,19.76538044554265,0.0,0.0,0,33.02,4.944444444444445,0.0,7.319444444444445,0.0,0.0,1.75,2.555555555555555,3.430555555555556,0,0,0,0,0,1,0,1554,0,0,0,0,0,1,0,0,0,1,0,0,0,0,12.26388888888889,0.5801078078892417,12.26388888888889,0.1053529936210908,2.430555555555556,0.1053529936210908,2.430555555555556,-0.5801078078892417,0,0,0,0,0,0,0,0,0,0,0,0,0,0,0,0,1,0,0,0,0,0,0,0,0,0,0,0,0,0,0,0,0,0,0,0,1,0,0,0,1
7,Polystyrene,7.0,100.0,7.0,100.0,1.0,50.0,0.6805946826934814,27.13226699829102,2,Dimethylacetamide,Acetonitrile,81.0,5.37204647064209,0,300.0,0,5.723368939264259,212.5381120456834,9.560477932315067,5.629427617536365,8.58094466015188,4.168463862147794,2.951612445143659,2.135076129671228,1.000915397429293,6.313157822096517,3.034570443120112,1.75924771865322,0.9044711161625654,0.4774825582937496,0.0,0.0,15.06789994122398,0.0,6.923737199690624,24.2683225181771,0.0,0.0,40.06471122543604,0.0,220.956582232,0.5,-0.4200000000000001,12,216.454,1554,9.69001100110011,4.272200281730421,3.001336324681492,87.83797462383686,4.176680000000001,52.75900000000001,222.502,0,1,0,0,1554,1,0,4,0,0,0,64,0.0,0.0,0,5.261891554738487,0.0,40.86918673915916,12.13273413692322,6.923737199690624,21.13712125401625,0.0,0,0.0,1,0.0,5.261891554738487,0.0,6.923737199690624,0.0,33.26700114660881,6.069221312792274,34.80281967069755,0,0.0,0.0,11.33111286753076,6.923737199690624,18.19910120538483,15.06789994122398,0,23.79,0.0,0.0,8.716820987654323,0.0,0.0,6.877067901234568,0.0,1.430555555555556,0,0,0,0,0,1,0,1554,0,1,0,0,0,0,0,0,0,1,0,0,0,0,12.93320987654321,0.2813139938475547,12.93320987654321,0.1365098647943433,1.847993827160495,0.1365098647943433,1.847993827160495,-0.2813139938475547,0,0,0,0,0,0,0,0,0,0,0,0,0,0,0,0,1,0,0,0,0,0,0,0,0,0,0,0,0,0,0,0,0,0,0,0,1,0,0,0,1
6,Polystyrene,5.0,120.0,5.0,120.0,1.0,30.0,0.5,10.0,1,Tetrachloromethane,Chloroform,94.65,6.328958511352539,0,300.0,0,5.347505791798268,20.26466250649041,8.077350269189626,3.732050807568877,9.014604202383397,4.231747850179294,6.084065324017129,0.0,0.0,3.723101580254217,1.410582616726431,0.6760072582241252,0.0,0.0,7.547169269868485,0.0,0.0,0.0,0.0,0.0,0.0,0.0,81.20657923162761,0.0,269.789793792,2.0,2.03,9,272.193,1554,11.03,3.870246189737359,51.55146915048225,89.60136564383083,4.5393,47.49,273.201,0,0,0,0,1554,0,0,7,0,0,0,58,0.0,0.0,0,0.0,0.0,81.20657923162761,0.0,0.0,0.0,0.0,0,0.0,0,0.0,0.0,0.0,7.547169269868485,0.0,0.0,0.0,81.20657923162761,0,7.547169269868485,0.0,0.0,0.0,0.0,0.0,0,0.0,-2.361111111111111,0.0,0.0,0.0,0.0,0.0,0.0,0.0,0,0,0,0,0,0,0,1554,0,0,0,0,0,0,0,0,0,0,0,0,0,0,9.631944444444443,0.445791846765332,9.631944444444443,0.445791846765332,2.361111111111111,0.1538328306009282,-2.361111111111111,-0.1538328306009282,0,0,0,0,0,0,0,0,0,0,1,0,0,0,0,0,0,0,0,0,0,0,0,0,0,0,0,0,0,0,0,0,0,0,0,0,1,0,1,0,0
9,Polystyrene,1.0,9.0,1.0,9.0,1.0,25.0,1.0,18.67739486694336,1,Hexane,Tetrahydrofuran,52.1,5.0,0,100.0,0,4.422425648309624,23.60964047443681,8.363961030678928,5.414213562373095,8.065102539956243,4.99156383156272,3.026585998068889,1.784457050376173,1.010310363079828,8.065102539956243,4.99156383156272,3.026585998068889,1.784457050376173,1.010310363079828,0.0,0.0,0.0,13.21376392902584,38.52492973755606,0.0,0.0,13.84747439938125,4.736862953800049,0.0,158.167065324,2.0,-0.04,11,136.109,1554,9.161612903225805,6.410312174817898,4.618363683662851,72.50575304680962,3.383400000000001,49.86899999999999,158.285,0,1,0,1,1554,1,0,1,3,0,1,68,4.736862953800049,0.0,0,0.0,0.0,39.53076089108528,12.84164324585202,13.21376392902584,0.0,0.0,0,0.0,1,4.736862953800049,0.0,0.0,52.3724041369373,13.21376392902584,0.0,0.0,0.0,0,13.21376392902584,4.736862953800049,0.0,52.3724041369373,0.0,0.0,0,9.23,4.944444444444445,0.0,0.0,0.0,0.0,0.0,8.091944444444444,6.463611111111111,0,0,0,0,0,0,0,1554,0,0,0,0,0,1,0,0,0,0,0,0,0,3,7.17625,0.4468317665608418,7.17625,-0.00694053240252674,2.355,0.1002168721022101,2.355,-0.4468317665608418,0,0,0,0,0,0,0,0,0,0,0,0,0,0,0,0,0,0,0,1,0,0,0,0,0,0,0,0,0,0,0,0,0,0,0,0,1,0,1,0,0
9,Polystyrene,2.0,1800.0,2.0,1800.0,1.0,30.5,0.5,50.0,0,Dichloromethane,Acetonitrile,57.0,5.0,0,100.0,0,4.108527367383008,21.50977500432694,5.414213562373094,2.82842712474619,4.922107214741869,2.327174249224525,1.132744087846969,0.0,0.0,3.41024932270496,1.258129281574828,0.3246220522052001,0.0,0.0,0.0,5.33918526701467,0.0,0.0,6.923737199690624,6.069221312792274,0.0,0.0,28.46377133520352,0.0,124.97990452,1.5,0.06999999999999995,6,120.946,1554,6.070000000000001,4.070000000000002,4.07,48.84255630528777,1.95138,27.86,125.986,0,1,0,0,1554,1,0,3,0,0,0,36,0.0,0.0,0,5.261891554738487,23.20187978046503,0.0,0.0,6.923737199690624,11.40840657980694,0.0,0,0.0,0,0.0,5.261891554738487,0.0,6.923737199690624,5.33918526701467,0.0,6.069221312792274,23.20187978046503,0,5.33918526701467,0.0,11.33111286753076,6.923737199690624,0.0,0.0,0,23.79,0.0,0.0,7.513888888888889,0.0,0.0,1.75,0.0,1.430555555555556,0,0,0,0,0,1,0,1554,0,0,0,0,0,0,0,0,0,1,0,0,0,0,12.08333333333333,0.3077907558270286,12.08333333333333,0.155421214147741,1.625000000000001,0.155421214147741,1.625000000000001,-0.3077907558270286,0,0,0,0,0,0,0,0,0,0,0,0,0,0,0,0,1,0,0,0,0,0,0,0,0,0,0,0,0,0,0,0,0,0,0,0,1,0,0,0,1
5,Polystyrene,15.0,1100.0,14.92107582092285,875.526123046875,1.594001531600952,25.0,0.5,100.0,0,Heptane,Tetrahydrofuran,70.0,5.230413913726807,0,420.5115966796875,0,4.530806221209676,30.82892142331043,9.071067811865476,5.914213562373095,8.77220932114279,5.49156383156272,3.380139388662163,2.034457050376173,1.187087058376465,8.77220932114279,5.49156383156272,3.380139388662163,2.034457050376173,1.187087058376465,0.0,0.0,0.0,13.21376392902584,44.94575136048207,0.0,0.0,13.84747439938125,4.736862953800049,0.0,172.182715388,2.0,-0.04,12,148.12,1554,10.16161290322581,7.410312174817898,6.618363683662851,78.87069516120621,3.773500000000002,54.48599999999999,172.312,0,1,0,1,1554,1,0,1,4,0,1,74,4.736862953800049,0.0,0,0.0,0.0,45.95158251401129,12.84164324585202,13.21376392902584,0.0,0.0,0,0.0,1,4.736862953800049,0.0,0.0,58.79322575986331,13.21376392902584,0.0,0.0,0.0,0,13.21376392902584,4.736862953800049,0.0,58.79322575986331,0.0,0.0,0,9.23,4.944444444444445,0.0,0.0,0.0,0.0,0.0,9.564166666666667,6.491388888888888,0,0,0,0,0,0,0,1554,0,0,0,0,0,1,0,0,0,0,0,0,0,4,7.190138888888889,0.4468317651907585,7.190138888888889,-0.00668792190237151,2.361111111111111,0.0999642616020549,2.361111111111111,-0.4468317651907585,0,0,0,0,0,0,0,0,0,0,0,0,0,0,0,0,0,0,0,0,0,0,0,0,1,0,0,0,0,0,0,0,0,0,0,0,1,0,1,0,0
8,Polystyrene,0.1,100.0,0.1,100.0,1.0,25.0,1.0,20.0,1,Hexane,Tetrahydrofuran,53.0,5.0,0,100.0,0,4.422425648309624,23.60964047443681,8.363961030678928,5.414213562373095,8.065102539956243,4.99156383156272,3.026585998068889,1.784457050376173,1.010310363079828,8.065102539956243,4.99156383156272,3.026585998068889,1.784457050376173,1.010310363079828,0.0,0.0,0.0,13.21376392902584,38.52492973755606,0.0,0.0,13.84747439938125,4.736862953800049,0.0,158.167065324,2.0,-0.04,11,136.109,1554,9.161612903225805,6.410312174817898,4.618363683662851,72.50575304680962,3.383400000000001,49.86899999999999,158.285,0,1,0,1,1554,1,0,1,3,0,1,68,4.736862953800049,0.0,0,0.0,0.0,39.53076089108528,12.84164324585202,13.21376392902584,0.0,0.0,0,0.0,1,4.736862953800049,0.0,0.0,52.3724041369373,13.21376392902584,0.0,0.0,0.0,0,13.21376392902584,4.736862953800049,0.0,52.3724041369373,0.0,0.0,0,9.23,4.944444444444445,0.0,0.0,0.0,0.0,0.0,8.091944444444444,6.463611111111111,0,0,0,0,0,0,0,1554,0,0,0,0,0,1,0,0,0,0,0,0,0,3,7.17625,0.4468317665608418,7.17625,-0.00694053240252674,2.355,0.1002168721022101,2.355,-0.4468317665608418,0,0,0,0,0,0,0,0,0,0,0,0,0,0,0,0,0,0,0,1,0,0,0,0,0,0,0,0,0,0,0,0,0,0,0,0,1,0,1,0,0
8,Polystyrene,3.5,3220.0,3.5,135.0,1.0,25.0,1.0,20.0,1,Dichloromethane,Hexane,52.6,5.0,0,100.0,0,3.972085476831743,12.0,7.535533905932737,4.32842712474619,7.803320743988101,4.517781013847641,2.616244071283536,0.9571067811865472,0.4999999999999998,6.291462851951191,3.448736046197943,1.808122035641768,0.9571067811865472,0.4999999999999998,0.0,5.33918526701467,0.0,0.0,25.68328649170404,0.0,0.0,13.84747439938125,23.20187978046503,0.0,170.062905872,2.0,0.58,9,154.983,1554,9.58,7.58,6.580000000000001,69.90974508140549,4.008100000000001,46.38899999999998,171.111,0,0,0,0,1554,0,0,2,3,0,0,58,0.0,0.0,0,0.0,23.20187978046503,39.53076089108528,0.0,0.0,5.33918526701467,0.0,0,0.0,0,0.0,0.0,0.0,39.53076089108528,5.33918526701467,0.0,0.0,23.20187978046503,0,5.33918526701467,0.0,0.0,39.53076089108528,0.0,0.0,0,0.0,0.0,0.0,0.1944444444444446,0.0,0.0,0.0,5.536388888888888,4.463611111111111,0,0,0,0,0,0,0,1554,0,0,0,0,0,0,0,0,0,0,0,0,0,3,6.995694444444443,0.1745147144986288,6.995694444444443,0.04312768812412354,1.549444444444445,0.1502850926288604,1.549444444444445,-0.1745147144986288,0,0,0,0,0,0,0,0,0,0,0,0,0,0,0,0,0,0,0,1,0,0,0,0,0,0,0,0,0,0,0,0,0,0,0,0,1,0,1,0,0
8,Polystyrene,3.5,3220.0,3.5,135.0,1.0,25.0,1.0,20.0,1,Toluene,Hexane,79.9,5.0,0,100.0,0,5.360557624700377,141.9656602453383,9.941311299868554,6.308060412490446,9.215178470694319,5.324897164896055,3.361807319565799,1.897562516201854,1.034377897417611,9.215178470694319,5.324897164896055,3.361807319565799,1.897562516201854,1.034377897417611,0.0,0.0,0.0,0.0,31.24673798340104,0.0,18.19910120538483,32.90394573599509,0.0,0.0,178.172150704,1.142857142857143,-0.78,13,156.143,1554,10.38077170418006,6.783286039855434,5.038264132411507,84.36030683370616,4.581620000000001,60.99499999999998,178.319,0,0,0,0,1554,0,0,0,3,0,0,74,0.0,0.0,0,0.0,0.0,75.42604772509033,6.923737199690624,0.0,0.0,0.0,0,0.0,1,0.0,0.0,0.0,46.4544980907759,0.0,35.89528683400505,0.0,0.0,0,0.0,0.0,6.923737199690624,45.09421238278227,30.33183534230805,0.0,0,0.0,0.0,0.0,0.0,1.32175925925926,0.0,10.26157407407407,5.536388888888888,6.546944444444444,0,0,0,0,0,0,0,1554,1,1,0,0,0,0,0,0,0,0,0,0,0,3,4.315138888888888,0.1276314703801184,4.315138888888888,-0.09335322857599593,2.67675925925926,0.09335322857599593,2.67675925925926,-0.1276314703801184,0,0,0,0,0,0,0,0,0,0,0,0,0,0,0,0,0,0,0,1,0,0,0,0,0,0,0,0,0,0,0,0,0,0,0,0,1,0,1,0,0
8,Polystyrene,1.0,135.0,1.214091777801514,121.362922668457,1.0,25.0,1.0,20.0,1,Toluene,Hexane,83.9,5.0,0,100.0,0,5.360557624700377,141.9656602453383,9.941311299868554,6.308060412490446,9.215178470694319,5.324897164896055,3.361807319565799,1.897562516201854,1.034377897417611,9.215178470694319,5.324897164896055,3.361807319565799,1.897562516201854,1.034377897417611,0.0,0.0,0.0,0.0,31.24673798340104,0.0,18.19910120538483,32.90394573599509,0.0,0.0,178.172150704,1.142857142857143,-0.78,13,156.143,1554,10.38077170418006,6.783286039855434,5.038264132411507,84.36030683370616,4.581620000000001,60.99499999999998,178.319,0,0,0,0,1554,0,0,0,3,0,0,74,0.0,0.0,0,0.0,0.0,75.42604772509033,6.923737199690624,0.0,0.0,0.0,0,0.0,1,0.0,0.0,0.0,46.4544980907759,0.0,35.89528683400505,0.0,0.0,0,0.0,0.0,6.923737199690624,45.09421238278227,30.33183534230805,0.0,0,0.0,0.0,0.0,0.0,1.32175925925926,0.0,10.26157407407407,5.536388888888888,6.546944444444444,0,0,0,0,0,0,0,1554,1,1,0,0,0,0,0,0,0,0,0,0,0,3,4.315138888888888,0.1276314703801184,4.315138888888888,-0.09335322857599593,2.67675925925926,0.09335322857599593,2.67675925925926,-0.1276314703801184,0,0,0,0,0,0,0,0,0,0,0,0,0,0,0,0,0,0,0,1,0,0,0,0,0,0,0,0,0,0,0,0,0,0,0,0,1,0,1,0,0
8,Polystyrene,1.0,135.0,1.024011611938477,133.8991088867188,1.0,25.0,1.0,20.0,1,Hexane,Tetrahydrofuran,55.8,5.0,0,100.0,0,4.422425648309624,23.60964047443681,8.363961030678928,5.414213562373095,8.065102539956243,4.99156383156272,3.026585998068889,1.784457050376173,1.010310363079828,8.065102539956243,4.99156383156272,3.026585998068889,1.784457050376173,1.010310363079828,0.0,0.0,0.0,13.21376392902584,38.52492973755606,0.0,0.0,13.84747439938125,4.736862953800049,0.0,158.167065324,2.0,-0.04,11,136.109,1554,9.161612903225805,6.410312174817898,4.618363683662851,72.50575304680962,3.383400000000001,49.86899999999999,158.285,0,1,0,1,1554,1,0,1,3,0,1,68,4.736862953800049,0.0,0,0.0,0.0,39.53076089108528,12.84164324585202,13.21376392902584,0.0,0.0,0,0.0,1,4.736862953800049,0.0,0.0,52.3724041369373,13.21376392902584,0.0,0.0,0.0,0,13.21376392902584,4.736862953800049,0.0,52.3724041369373,0.0,0.0,0,9.23,4.944444444444445,0.0,0.0,0.0,0.0,0.0,8.091944444444444,6.463611111111111,0,0,0,0,0,0,0,1554,0,0,0,0,0,1,0,0,0,0,0,0,0,3,7.17625,0.4468317665608418,7.17625,-0.00694053240252674,2.355,0.1002168721022101,2.355,-0.4468317665608418,0,0,0,0,0,0,0,0,0,0,0,0,0,0,0,0,0,0,0,1,0,0,0,0,0,0,0,0,0,0,0,0,0,0,0,0,1,0,1,0,0
8,Polystyrene,3.7,100.0,3.7,100.0,1.0,25.0,1.0,20.0,1,Hexane,Methyl Ethyl Ketone,62.9,5.0,0,100.0,0,5.186471238063963,47.30296890880646,9.112884175122364,5.184269172402757,8.4437821963966,4.678997879384848,2.762675274902432,1.454997739077228,0.4999999999999998,8.4437821963966,4.678997879384848,2.762675274902432,1.454997739077228,0.4999999999999998,0.0,5.783244946364939,6.42082162292601,0.0,25.68328649170404,6.923737199690624,6.923737199690624,13.84747439938125,0.0,4.794537184071822,158.167065324,1.75,-0.33,11,136.109,1554,10.67,6.942479564032698,7.67,72.55956107087573,3.572000000000001,50.78799999999997,158.285,0,1,0,0,1554,1,0,1,4,0,0,68,4.794537184071822,0.0,0,0.0,0.0,46.4544980907759,6.923737199690624,6.42082162292601,0.0,5.783244946364939,0,0.0,0,4.794537184071822,0.0,0.0,59.79905691339254,0.0,0.0,0.0,5.783244946364939,0,5.783244946364939,4.794537184071822,0.0,59.79905691339254,0.0,0.0,0,17.07,0.0,9.8125,0.0,0.0,0.25462962962963,0.0,6.203055555555554,7.89648148148148,0,0,0,1,1,0,0,1554,0,0,0,0,0,0,1,1,0,0,0,0,0,3,12.04430555555555,0.3654247695575361,12.04430555555555,0.07548633027366916,1.60962962962963,0.182643734778406,1.60962962962963,-0.3654247695575361,0,0,0,0,0,0,0,0,0,0,0,0,0,0,0,0,0,0,0,1,0,0,0,0,0,0,0,0,0,0,0,0,0,0,0,0,1,0,1,0,0
8,Polystyrene,3.7,100.0,3.7,100.0,1.0,25.0,1.0,20.0,1,Dichloromethane,Hexane,69.0,5.0,0,100.0,0,3.972085476831743,12.0,7.535533905932737,4.32842712474619,7.803320743988101,4.517781013847641,2.616244071283536,0.9571067811865472,0.4999999999999998,6.291462851951191,3.448736046197943,1.808122035641768,0.9571067811865472,0.4999999999999998,0.0,5.33918526701467,0.0,0.0,25.68328649170404,0.0,0.0,13.84747439938125,23.20187978046503,0.0,170.062905872,2.0,0.58,9,154.983,1554,9.58,7.58,6.580000000000001,69.90974508140549,4.008100000000001,46.38899999999998,171.111,0,0,0,0,1554,0,0,2,3,0,0,58,0.0,0.0,0,0.0,23.20187978046503,39.53076089108528,0.0,0.0,5.33918526701467,0.0,0,0.0,0,0.0,0.0,0.0,39.53076089108528,5.33918526701467,0.0,0.0,23.20187978046503,0,5.33918526701467,0.0,0.0,39.53076089108528,0.0,0.0,0,0.0,0.0,0.0,0.1944444444444446,0.0,0.0,0.0,5.536388888888888,4.463611111111111,0,0,0,0,0,0,0,1554,0,0,0,0,0,0,0,0,0,0,0,0,0,3,6.995694444444443,0.1745147144986288,6.995694444444443,0.04312768812412354,1.549444444444445,0.1502850926288604,1.549444444444445,-0.1745147144986288,0,0,0,0,0,0,0,0,0,0,0,0,0,0,0,0,0,0,0,1,0,0,0,0,0,0,0,0,0,0,0,0,0,0,0,0,1,0,1,0,0
8,Polystyrene,3.7,100.0,3.7,100.0,1.0,25.0,1.0,20.0,1,Hexane,Ethyl Acetate,62.3,5.0,0,100.0,0,5.170349424907656,56.0,9.81999095630891,5.684269172402757,8.852030486860464,4.818243768618318,2.631701106875963,1.304707480880239,0.7032631323962852,8.852030486860464,4.818243768618318,2.631701106875963,1.304707480880239,0.7032631323962852,0.0,5.969305287951849,6.606881964512918,0.0,32.60702369139467,6.923737199690624,0.0,18.5843373531813,0.0,4.794537184071822,174.161979944,1.75,-0.53,12,152.108,1554,11.47,7.693713646532438,7.470000000000001,77.67310630038261,3.156000000000001,52.12299999999998,174.284,0,2,0,0,1554,2,0,2,4,0,0,74,4.736862953800049,4.794537184071822,0,0.0,0.0,39.53076089108528,6.923737199690624,6.923737199690624,6.606881964512918,0.0,0,5.969305287951849,0,9.53140013787187,0.0,0.0,53.37823529046653,6.606881964512918,0.0,0.0,5.969305287951849,0,12.57618725246477,9.53140013787187,0.0,53.37823529046653,0.0,0.0,0,26.3,4.402777777777778,9.821527777777778,0.0,0.0,-0.2106481481481479,0.0,5.536388888888888,8.11662037037037,0,0,0,1,1,0,0,1554,0,0,0,0,1,1,0,0,0,0,0,0,0,3,12.05333333333333,0.5315542745725401,12.05333333333333,0.2485340754746223,1.565648148148148,0.3556914799793591,1.144351851851852,-0.5315542745725401,0,0,0,0,0,0,0,0,0,0,0,0,0,0,0,0,0,0,0,1,0,0,0,0,0,0,0,0,0,0,0,0,0,0,0,0,1,0,1,0,0
7,Polystyrene,1.8,450.0,1.924691677093506,415.7120361328125,1.0,48.0,0.5,5.0,1,Tetrahydrofuran,Water,86.0,4.0,0,60.0,0,2.083333333333333,11.60964047443681,3.535533905932738,2.5,3.736675415210053,2.077350269189625,1.319479216882342,0.8273502691896256,0.5103103630798287,3.736675415210053,2.077350269189625,1.319479216882342,0.8273502691896256,0.5103103630798287,0.0,5.476191835881363,0.0,13.21376392902584,12.84164324585202,0.0,0.0,0.0,4.736862953800049,0.0,90.06807956,1.0,-0.08,6,80.042,1554,4.121612903225808,-25.62968782518213,-103.4216363163373,38.79102263531512,-0.02790000000000004,23.6668,90.122,2,2,0,1,1554,1,0,2,0,0,1,38,10.21305478968141,0.0,0,0.0,0.0,0.0,12.84164324585202,13.21376392902584,0.0,0.0,0,0.0,1,10.21305478968141,0.0,0.0,12.84164324585202,13.21376392902584,0.0,0.0,0.0,0,18.6899557649072,4.736862953800049,0.0,12.84164324585202,0.0,0.0,0,40.73,4.944444444444445,0.0,0.0,0.0,0.0,0.0,2.555555555555555,2.0,0,0,0,0,0,0,0,1554,0,0,0,0,0,1,0,0,0,0,0,0,0,0,4.944444444444445,0.7929589039001408,4.944444444444445,-0.3648713520875809,1.0,0.4581476917872643,1.0,-0.7929589039001408,0,0,0,0,0,0,0,0,0,0,0,0,0,0,0,1,0,0,0,0,0,0,0,0,0,0,0,0,0,0,0,0,0,0,0,0,1,0,0,0,1
10,Polystyrene,11.0,100.0,11.0,100.0,2.0,25.0,0.9326836466789246,23.61059379577637,1,Tetrahydrofuran,Cyclohexane,82.0,5.0,5,300.0,300,4.083333333333333,27.11941547876375,7.778174593052023,5.5,7.479316102329338,5.077350269189624,3.440799560441984,2.327350269189626,1.57097053485965,7.479316102329338,5.077350269189624,3.440799560441984,2.327350269189626,1.57097053485965,0.0,0.0,0.0,13.21376392902584,51.36657298340808,0.0,0.0,0.0,4.736862953800049,0.0,156.15141526,2.0,-0.04,11,136.109,1554,7.328279569892473,3.63253439704012,1.618363683662851,71.4999218932804,3.1374,47.75499999999998,156.269,0,1,1,1,1554,1,0,1,0,1,1,66,4.736862953800049,0.0,0,0.0,0.0,38.52492973755606,12.84164324585202,13.21376392902584,0.0,0.0,0,0.0,2,4.736862953800049,0.0,0.0,51.36657298340808,13.21376392902584,0.0,0.0,0.0,0,13.21376392902584,4.736862953800049,0.0,51.36657298340808,0.0,0.0,0,9.23,4.944444444444445,0.0,0.0,0.0,0.0,0.0,11.55555555555556,2.0,0,0,0,0,0,0,0,1554,0,0,0,0,0,1,0,0,0,0,0,0,0,0,6.444444444444445,0.4347553547518339,6.444444444444445,-0.006667802939274006,2.5,0.0999441426389574,2.5,-0.4347553547518339,0,0,0,0,0,0,0,0,0,0,0,0,0,0,0,0,0,0,0,1,0,0,0,0,0,0,0,0,0,0,0,0,0,0,0,0,1,0,1,0,0
8,Polystyrene,3.0,11.0,3.215628862380981,9.700653076171875,1.0,25.0,0.5,25.0,2,Tetrahydrofuran,Water,88.4,5.0,0,300.0,0,2.083333333333333,11.60964047443681,3.535533905932738,2.5,3.736675415210053,2.077350269189625,1.319479216882342,0.8273502691896256,0.5103103630798287,3.736675415210053,2.077350269189625,1.319479216882342,0.8273502691896256,0.5103103630798287,0.0,5.476191835881363,0.0,13.21376392902584,12.84164324585202,0.0,0.0,0.0,4.736862953800049,0.0,90.06807956,1.0,-0.08,6,80.042,1554,4.121612903225808,-25.62968782518213,-103.4216363163373,38.79102263531512,-0.02790000000000004,23.6668,90.122,2,2,0,1,1554,1,0,2,0,0,1,38,10.21305478968141,0.0,0,0.0,0.0,0.0,12.84164324585202,13.21376392902584,0.0,0.0,0,0.0,1,10.21305478968141,0.0,0.0,12.84164324585202,13.21376392902584,0.0,0.0,0.0,0,18.6899557649072,4.736862953800049,0.0,12.84164324585202,0.0,0.0,0,40.73,4.944444444444445,0.0,0.0,0.0,0.0,0.0,2.555555555555555,2.0,0,0,0,0,0,0,0,1554,0,0,0,0,0,1,0,0,0,0,0,0,0,0,4.944444444444445,0.7929589039001408,4.944444444444445,-0.3648713520875809,1.0,0.4581476917872643,1.0,-0.7929589039001408,0,0,0,0,0,0,0,0,0,0,0,0,0,0,0,0,0,0,0,0,0,0,0,0,0,0,0,0,0,0,0,0,1,0,0,0,1,0,0,0,1
8,Polystyrene,2.5,113.0,2.5,113.0,1.0,53.3,0.5,11.21410369873047,1,Dichloromethane,Acetonitrile,53.0,4.974923610687256,0,100.0,0,4.108527367383008,21.50977500432694,5.414213562373094,2.82842712474619,4.922107214741869,2.327174249224525,1.132744087846969,0.0,0.0,3.41024932270496,1.258129281574828,0.3246220522052001,0.0,0.0,0.0,5.33918526701467,0.0,0.0,6.923737199690624,6.069221312792274,0.0,0.0,28.46377133520352,0.0,124.97990452,1.5,0.06999999999999995,6,120.946,1554,6.070000000000001,4.070000000000002,4.07,48.84255630528777,1.95138,27.86,125.986,0,1,0,0,1554,1,0,3,0,0,0,36,0.0,0.0,0,5.261891554738487,23.20187978046503,0.0,0.0,6.923737199690624,11.40840657980694,0.0,0,0.0,0,0.0,5.261891554738487,0.0,6.923737199690624,5.33918526701467,0.0,6.069221312792274,23.20187978046503,0,5.33918526701467,0.0,11.33111286753076,6.923737199690624,0.0,0.0,0,23.79,0.0,0.0,7.513888888888889,0.0,0.0,1.75,0.0,1.430555555555556,0,0,0,0,0,1,0,1554,0,0,0,0,0,0,0,0,0,1,0,0,0,0,12.08333333333333,0.3077907558270286,12.08333333333333,0.155421214147741,1.625000000000001,0.155421214147741,1.625000000000001,-0.3077907558270286,0,0,0,0,0,0,0,0,1,0,0,0,0,0,0,0,0,0,0,0,0,0,0,0,0,0,0,0,0,0,0,0,0,0,0,0,1,0,0,0,1
6,Polystyrene,4.05907154083252,239.2405395507812,4.01706600189209,200.0900421142578,2.0,32.0,0.5,5.0,1,Acetonitrile,Tetrahydrofuran,51.0,5.0,7,300.0,1000,4.558867538860889,33.11941547876375,6.242640687119286,3.914213562373095,5.183889010710011,2.800957066939604,1.543086014632321,0.8273502691896256,0.5103103630798287,5.183889010710011,2.800957066939604,1.543086014632321,0.8273502691896256,0.5103103630798287,0.0,0.0,0.0,13.21376392902584,19.76538044554265,6.069221312792274,0.0,0.0,9.998754508538536,0.0,113.084063972,1.5,-0.55,8,102.072,1554,5.651612903225807,2.9003121748179,2.10836368366285,51.4385642706919,1.32668,31.34,113.16,0,2,0,1,1554,2,0,2,0,0,1,46,4.736862953800049,0.0,0,5.261891554738487,0.0,0.0,12.84164324585202,20.13750112871647,6.069221312792274,0.0,0,0.0,1,4.736862953800049,5.261891554738487,0.0,19.76538044554265,13.21376392902584,0.0,6.069221312792274,0.0,0,13.21376392902584,4.736862953800049,11.33111286753076,19.76538044554265,0.0,0.0,0,33.02,4.944444444444445,0.0,7.319444444444445,0.0,0.0,1.75,2.555555555555555,3.430555555555556,0,0,0,0,0,1,0,1554,0,0,0,0,0,1,0,0,0,1,0,0,0,0,12.26388888888889,0.5801078078892417,12.26388888888889,0.1053529936210908,2.430555555555556,0.1053529936210908,2.430555555555556,-0.5801078078892417,0,0,0,0,0,0,0,0,0,0,0,0,0,0,0,0,1,0,0,0,0,0,0,0,0,0,0,0,0,0,0,0,0,0,0,0,1,0,0,0,1
9,Polystyrene,3.0,5.0,3.0,5.0,2.0,22.0,0.5,10.0,1,Acetonitrile,Tetrahydrofuran,52.0,5.0,7,300.0,1000,4.558867538860889,33.11941547876375,6.242640687119286,3.914213562373095,5.183889010710011,2.800957066939604,1.543086014632321,0.8273502691896256,0.5103103630798287,5.183889010710011,2.800957066939604,1.543086014632321,0.8273502691896256,0.5103103630798287,0.0,0.0,0.0,13.21376392902584,19.76538044554265,6.069221312792274,0.0,0.0,9.998754508538536,0.0,113.084063972,1.5,-0.55,8,102.072,1554,5.651612903225807,2.9003121748179,2.10836368366285,51.4385642706919,1.32668,31.34,113.16,0,2,0,1,1554,2,0,2,0,0,1,46,4.736862953800049,0.0,0,5.261891554738487,0.0,0.0,12.84164324585202,20.13750112871647,6.069221312792274,0.0,0,0.0,1,4.736862953800049,5.261891554738487,0.0,19.76538044554265,13.21376392902584,0.0,6.069221312792274,0.0,0,13.21376392902584,4.736862953800049,11.33111286753076,19.76538044554265,0.0,0.0,0,33.02,4.944444444444445,0.0,7.319444444444445,0.0,0.0,1.75,2.555555555555555,3.430555555555556,0,0,0,0,0,1,0,1554,0,0,0,0,0,1,0,0,0,1,0,0,0,0,12.26388888888889,0.5801078078892417,12.26388888888889,0.1053529936210908,2.430555555555556,0.1053529936210908,2.430555555555556,-0.5801078078892417,0,0,0,0,0,0,0,0,0,0,0,0,0,0,0,0,1,0,0,0,0,0,0,0,0,0,0,0,0,0,0,0,0,0,0,0,1,0,0,0,1
8,Polystyrene,92.27246856689453,100.0,24.82073593139648,105.275276184082,2.0,30.0,1.0,20.0,2,Tetrahydrofuran,Hexane,52.4,7.0,7,300.0,1000,4.422425648309624,23.60964047443681,8.363961030678928,5.414213562373095,8.065102539956243,4.99156383156272,3.026585998068889,1.784457050376173,1.010310363079828,8.065102539956243,4.99156383156272,3.026585998068889,1.784457050376173,1.010310363079828,0.0,0.0,0.0,13.21376392902584,38.52492973755606,0.0,0.0,13.84747439938125,4.736862953800049,0.0,158.167065324,2.0,-0.04,11,136.109,1554,9.161612903225805,6.410312174817898,4.618363683662851,72.50575304680962,3.383400000000001,49.86899999999999,158.285,0,1,0,1,1554,1,0,1,3,0,1,68,4.736862953800049,0.0,0,0.0,0.0,39.53076089108528,12.84164324585202,13.21376392902584,0.0,0.0,0,0.0,1,4.736862953800049,0.0,0.0,52.3724041369373,13.21376392902584,0.0,0.0,0.0,0,13.21376392902584,4.736862953800049,0.0,52.3724041369373,0.0,0.0,0,9.23,4.944444444444445,0.0,0.0,0.0,0.0,0.0,8.091944444444444,6.463611111111111,0,0,0,0,0,0,0,1554,0,0,0,0,0,1,0,0,0,0,0,0,0,3,7.17625,0.4468317665608418,7.17625,-0.00694053240252674,2.355,0.1002168721022101,2.355,-0.4468317665608418,0,0,0,0,0,0,0,0,0,0,0,0,0,0,0,0,0,0,0,1,0,0,0,0,0,0,0,0,0,0,0,0,0,0,0,0,1,0,1,0,0
10,Polystyrene,3.7,200.0,3.7,200.0,2.0,30.0,1.0,20.0,2,Tetrahydrofuran,Hexane,52.4,7.0,7,300.0,1000,4.422425648309624,23.60964047443681,8.363961030678928,5.414213562373095,8.065102539956243,4.99156383156272,3.026585998068889,1.784457050376173,1.010310363079828,8.065102539956243,4.99156383156272,3.026585998068889,1.784457050376173,1.010310363079828,0.0,0.0,0.0,13.21376392902584,38.52492973755606,0.0,0.0,13.84747439938125,4.736862953800049,0.0,158.167065324,2.0,-0.04,11,136.109,1554,9.161612903225805,6.410312174817898,4.618363683662851,72.50575304680962,3.383400000000001,49.86899999999999,158.285,0,1,0,1,1554,1,0,1,3,0,1,68,4.736862953800049,0.0,0,0.0,0.0,39.53076089108528,12.84164324585202,13.21376392902584,0.0,0.0,0,0.0,1,4.736862953800049,0.0,0.0,52.3724041369373,13.21376392902584,0.0,0.0,0.0,0,13.21376392902584,4.736862953800049,0.0,52.3724041369373,0.0,0.0,0,9.23,4.944444444444445,0.0,0.0,0.0,0.0,0.0,8.091944444444444,6.463611111111111,0,0,0,0,0,0,0,1554,0,0,0,0,0,1,0,0,0,0,0,0,0,3,7.17625,0.4468317665608418,7.17625,-0.00694053240252674,2.355,0.1002168721022101,2.355,-0.4468317665608418,0,0,0,0,0,0,0,0,0,0,0,0,0,0,0,0,0,0,0,1,0,0,0,0,0,0,0,0,0,0,0,0,0,0,0,0,1,0,1,0,0
7,Polystyrene,2.0,10.0,1.963232517242432,11.71572875976562,2.0,25.0,0.5,22.32206344604492,1,Hexane,Tetrahydrofuran,57.0,5.0,5,100.0,300,4.422425648309624,23.60964047443681,8.363961030678928,5.414213562373095,8.065102539956243,4.99156383156272,3.026585998068889,1.784457050376173,1.010310363079828,8.065102539956243,4.99156383156272,3.026585998068889,1.784457050376173,1.010310363079828,0.0,0.0,0.0,13.21376392902584,38.52492973755606,0.0,0.0,13.84747439938125,4.736862953800049,0.0,158.167065324,2.0,-0.04,11,136.109,1554,9.161612903225805,6.410312174817898,4.618363683662851,72.50575304680962,3.383400000000001,49.86899999999999,158.285,0,1,0,1,1554,1,0,1,3,0,1,68,4.736862953800049,0.0,0,0.0,0.0,39.53076089108528,12.84164324585202,13.21376392902584,0.0,0.0,0,0.0,1,4.736862953800049,0.0,0.0,52.3724041369373,13.21376392902584,0.0,0.0,0.0,0,13.21376392902584,4.736862953800049,0.0,52.3724041369373,0.0,0.0,0,9.23,4.944444444444445,0.0,0.0,0.0,0.0,0.0,8.091944444444444,6.463611111111111,0,0,0,0,0,0,0,1554,0,0,0,0,0,1,0,0,0,0,0,0,0,3,7.17625,0.4468317665608418,7.17625,-0.00694053240252674,2.355,0.1002168721022101,2.355,-0.4468317665608418,0,0,0,0,0,0,0,0,0,0,0,0,0,0,0,0,0,0,0,0,0,0,0,0,0,0,0,0,0,0,0,1,0,0,0,0,1,0,0,1,1
7,Polystyrene,100.0,400.0,24.82073593139648,466.88720703125,2.0,30.0,1.0,20.0,1,Dichloromethane,Hexane,58.1,7.0,7,300.0,1000,3.972085476831743,12.0,7.535533905932737,4.32842712474619,7.803320743988101,4.517781013847641,2.616244071283536,0.9571067811865472,0.4999999999999998,6.291462851951191,3.448736046197943,1.808122035641768,0.9571067811865472,0.4999999999999998,0.0,5.33918526701467,0.0,0.0,25.68328649170404,0.0,0.0,13.84747439938125,23.20187978046503,0.0,170.062905872,2.0,0.58,9,154.983,1554,9.58,7.58,6.580000000000001,69.90974508140549,4.008100000000001,46.38899999999998,171.111,0,0,0,0,1554,0,0,2,3,0,0,58,0.0,0.0,0,0.0,23.20187978046503,39.53076089108528,0.0,0.0,5.33918526701467,0.0,0,0.0,0,0.0,0.0,0.0,39.53076089108528,5.33918526701467,0.0,0.0,23.20187978046503,0,5.33918526701467,0.0,0.0,39.53076089108528,0.0,0.0,0,0.0,0.0,0.0,0.1944444444444446,0.0,0.0,0.0,5.536388888888888,4.463611111111111,0,0,0,0,0,0,0,1554,0,0,0,0,0,0,0,0,0,0,0,0,0,3,6.995694444444443,0.1745147144986288,6.995694444444443,0.04312768812412354,1.549444444444445,0.1502850926288604,1.549444444444445,-0.1745147144986288,0,0,0,0,0,0,0,0,0,0,0,0,0,0,0,0,0,0,0,1,0,0,0,0,0,0,0,0,0,0,0,0,0,0,0,0,1,0,1,0,0
9,Polystyrene,0.16,371.1,0.16,371.1,1.0,29.9,0.2506998181343079,6.765689849853516,2,Dichloromethane,Acetonitrile,57.0,5.0,0,300.0,0,4.108527367383008,21.50977500432694,5.414213562373094,2.82842712474619,4.922107214741869,2.327174249224525,1.132744087846969,0.0,0.0,3.41024932270496,1.258129281574828,0.3246220522052001,0.0,0.0,0.0,5.33918526701467,0.0,0.0,6.923737199690624,6.069221312792274,0.0,0.0,28.46377133520352,0.0,124.97990452,1.5,0.06999999999999995,6,120.946,1554,6.070000000000001,4.070000000000002,4.07,48.84255630528777,1.95138,27.86,125.986,0,1,0,0,1554,1,0,3,0,0,0,36,0.0,0.0,0,5.261891554738487,23.20187978046503,0.0,0.0,6.923737199690624,11.40840657980694,0.0,0,0.0,0,0.0,5.261891554738487,0.0,6.923737199690624,5.33918526701467,0.0,6.069221312792274,23.20187978046503,0,5.33918526701467,0.0,11.33111286753076,6.923737199690624,0.0,0.0,0,23.79,0.0,0.0,7.513888888888889,0.0,0.0,1.75,0.0,1.430555555555556,0,0,0,0,0,1,0,1554,0,0,0,0,0,0,0,0,0,1,0,0,0,0,12.08333333333333,0.3077907558270286,12.08333333333333,0.155421214147741,1.625000000000001,0.155421214147741,1.625000000000001,-0.3077907558270286,0,0,0,0,0,0,0,0,0,0,0,0,0,0,0,0,1,0,0,0,0,0,0,0,0,0,0,0,0,0,0,0,0,0,0,0,1,0,0,0,1
6,Polystyrene,2.620006799697876,209.4797973632812,2.979861736297607,199.1812133789062,1.0,20.0,1.5,100.0,2,Dichloromethane,Acetonitrile,80.0,5.0,0,100.0,0,4.108527367383008,21.50977500432694,5.414213562373094,2.82842712474619,4.922107214741869,2.327174249224525,1.132744087846969,0.0,0.0,3.41024932270496,1.258129281574828,0.3246220522052001,0.0,0.0,0.0,5.33918526701467,0.0,0.0,6.923737199690624,6.069221312792274,0.0,0.0,28.46377133520352,0.0,124.97990452,1.5,0.06999999999999995,6,120.946,1554,6.070000000000001,4.070000000000002,4.07,48.84255630528777,1.95138,27.86,125.986,0,1,0,0,1554,1,0,3,0,0,0,36,0.0,0.0,0,5.261891554738487,23.20187978046503,0.0,0.0,6.923737199690624,11.40840657980694,0.0,0,0.0,0,0.0,5.261891554738487,0.0,6.923737199690624,5.33918526701467,0.0,6.069221312792274,23.20187978046503,0,5.33918526701467,0.0,11.33111286753076,6.923737199690624,0.0,0.0,0,23.79,0.0,0.0,7.513888888888889,0.0,0.0,1.75,0.0,1.430555555555556,0,0,0,0,0,1,0,1554,0,0,0,0,0,0,0,0,0,1,0,0,0,0,12.08333333333333,0.3077907558270286,12.08333333333333,0.155421214147741,1.625000000000001,0.155421214147741,1.625000000000001,-0.3077907558270286,0,0,0,0,0,0,0,0,0,0,0,0,0,0,0,0,1,0,0,0,0,0,0,0,0,0,0,0,0,0,0,0,0,0,0,0,1,0,0,0,1
10,Polystyrene,0.5,600.0,0.5,600.0,1.0,30.0,0.5,100.0,2,Hexane,Tetrahydrofuran,55.0,5.0,0,300.0,0,4.422425648309624,23.60964047443681,8.363961030678928,5.414213562373095,8.065102539956243,4.99156383156272,3.026585998068889,1.784457050376173,1.010310363079828,8.065102539956243,4.99156383156272,3.026585998068889,1.784457050376173,1.010310363079828,0.0,0.0,0.0,13.21376392902584,38.52492973755606,0.0,0.0,13.84747439938125,4.736862953800049,0.0,158.167065324,2.0,-0.04,11,136.109,1554,9.161612903225805,6.410312174817898,4.618363683662851,72.50575304680962,3.383400000000001,49.86899999999999,158.285,0,1,0,1,1554,1,0,1,3,0,1,68,4.736862953800049,0.0,0,0.0,0.0,39.53076089108528,12.84164324585202,13.21376392902584,0.0,0.0,0,0.0,1,4.736862953800049,0.0,0.0,52.3724041369373,13.21376392902584,0.0,0.0,0.0,0,13.21376392902584,4.736862953800049,0.0,52.3724041369373,0.0,0.0,0,9.23,4.944444444444445,0.0,0.0,0.0,0.0,0.0,8.091944444444444,6.463611111111111,0,0,0,0,0,0,0,1554,0,0,0,0,0,1,0,0,0,0,0,0,0,3,7.17625,0.4468317665608418,7.17625,-0.00694053240252674,2.355,0.1002168721022101,2.355,-0.4468317665608418,0,0,0,0,0,0,0,0,0,0,0,0,0,0,0,0,0,0,0,1,0,0,0,0,0,0,0,0,0,0,0,0,0,0,0,0,1,0,1,0,0
8,Polystyrene,10.2,1090.0,10.15974807739258,859.6258544921875,2.0,40.5,0.5,100.0,1,Dichloromethane,Acetonitrile,57.0,5.0,5,100.0,100,4.108527367383008,21.50977500432694,5.414213562373094,2.82842712474619,4.922107214741869,2.327174249224525,1.132744087846969,0.0,0.0,3.41024932270496,1.258129281574828,0.3246220522052001,0.0,0.0,0.0,5.33918526701467,0.0,0.0,6.923737199690624,6.069221312792274,0.0,0.0,28.46377133520352,0.0,124.97990452,1.5,0.06999999999999995,6,120.946,1554,6.070000000000001,4.070000000000002,4.07,48.84255630528777,1.95138,27.86,125.986,0,1,0,0,1554,1,0,3,0,0,0,36,0.0,0.0,0,5.261891554738487,23.20187978046503,0.0,0.0,6.923737199690624,11.40840657980694,0.0,0,0.0,0,0.0,5.261891554738487,0.0,6.923737199690624,5.33918526701467,0.0,6.069221312792274,23.20187978046503,0,5.33918526701467,0.0,11.33111286753076,6.923737199690624,0.0,0.0,0,23.79,0.0,0.0,7.513888888888889,0.0,0.0,1.75,0.0,1.430555555555556,0,0,0,0,0,1,0,1554,0,0,0,0,0,0,0,0,0,1,0,0,0,0,12.08333333333333,0.3077907558270286,12.08333333333333,0.155421214147741,1.625000000000001,0.155421214147741,1.625000000000001,-0.3077907558270286,0,0,0,0,0,0,0,0,0,0,0,0,0,0,0,0,0,0,0,0,0,0,0,0,0,0,0,0,0,0,1,0,0,0,0,0,1,0,0,0,1
6,Polystyrene,0.3520126342773438,212.7671508789062,0.1809415817260742,224.6798553466797,1.0,25.0,0.01,13.92148590087891,2,Acetonitrile,Tetrahydrofuran,51.5,5.0,0,120.0,0,4.558867538860889,33.11941547876375,6.242640687119286,3.914213562373095,5.183889010710011,2.800957066939604,1.543086014632321,0.8273502691896256,0.5103103630798287,5.183889010710011,2.800957066939604,1.543086014632321,0.8273502691896256,0.5103103630798287,0.0,0.0,0.0,13.21376392902584,19.76538044554265,6.069221312792274,0.0,0.0,9.998754508538536,0.0,113.084063972,1.5,-0.55,8,102.072,1554,5.651612903225807,2.9003121748179,2.10836368366285,51.4385642706919,1.32668,31.34,113.16,0,2,0,1,1554,2,0,2,0,0,1,46,4.736862953800049,0.0,0,5.261891554738487,0.0,0.0,12.84164324585202,20.13750112871647,6.069221312792274,0.0,0,0.0,1,4.736862953800049,5.261891554738487,0.0,19.76538044554265,13.21376392902584,0.0,6.069221312792274,0.0,0,13.21376392902584,4.736862953800049,11.33111286753076,19.76538044554265,0.0,0.0,0,33.02,4.944444444444445,0.0,7.319444444444445,0.0,0.0,1.75,2.555555555555555,3.430555555555556,0,0,0,0,0,1,0,1554,0,0,0,0,0,1,0,0,0,1,0,0,0,0,12.26388888888889,0.5801078078892417,12.26388888888889,0.1053529936210908,2.430555555555556,0.1053529936210908,2.430555555555556,-0.5801078078892417,0,0,0,0,0,0,0,0,0,0,0,0,0,0,0,0,0,0,0,0,0,0,0,0,0,0,0,1,0,0,0,0,0,0,0,0,1,0,0,0,1
6,Polystyrene,1.03589916229248,1006.400390625,1.024613857269287,865.3480224609375,1.0,36.5,0.5,100.0,1,Dichloromethane,Acetonitrile,57.0,3.0,0,100.0,0,4.108527367383008,21.50977500432694,5.414213562373094,2.82842712474619,4.922107214741869,2.327174249224525,1.132744087846969,0.0,0.0,3.41024932270496,1.258129281574828,0.3246220522052001,0.0,0.0,0.0,5.33918526701467,0.0,0.0,6.923737199690624,6.069221312792274,0.0,0.0,28.46377133520352,0.0,124.97990452,1.5,0.06999999999999995,6,120.946,1554,6.070000000000001,4.070000000000002,4.07,48.84255630528777,1.95138,27.86,125.986,0,1,0,0,1554,1,0,3,0,0,0,36,0.0,0.0,0,5.261891554738487,23.20187978046503,0.0,0.0,6.923737199690624,11.40840657980694,0.0,0,0.0,0,0.0,5.261891554738487,0.0,6.923737199690624,5.33918526701467,0.0,6.069221312792274,23.20187978046503,0,5.33918526701467,0.0,11.33111286753076,6.923737199690624,0.0,0.0,0,23.79,0.0,0.0,7.513888888888889,0.0,0.0,1.75,0.0,1.430555555555556,0,0,0,0,0,1,0,1554,0,0,0,0,0,0,0,0,0,1,0,0,0,0,12.08333333333333,0.3077907558270286,12.08333333333333,0.155421214147741,1.625000000000001,0.155421214147741,1.625000000000001,-0.3077907558270286,0,0,0,0,1,0,0,0,0,0,0,0,0,0,0,0,0,0,0,0,0,0,0,0,0,0,0,0,0,0,0,0,0,0,0,0,1,0,0,0,1
9,Polystyrene,3.9,4.4,3.9,4.4,1.0,25.0,0.5,25.0,1,Tetrahydrofuran,Water,88.4,5.0,0,300.0,0,2.083333333333333,11.60964047443681,3.535533905932738,2.5,3.736675415210053,2.077350269189625,1.319479216882342,0.8273502691896256,0.5103103630798287,3.736675415210053,2.077350269189625,1.319479216882342,0.8273502691896256,0.5103103630798287,0.0,5.476191835881363,0.0,13.21376392902584,12.84164324585202,0.0,0.0,0.0,4.736862953800049,0.0,90.06807956,1.0,-0.08,6,80.042,1554,4.121612903225808,-25.62968782518213,-103.4216363163373,38.79102263531512,-0.02790000000000004,23.6668,90.122,2,2,0,1,1554,1,0,2,0,0,1,38,10.21305478968141,0.0,0,0.0,0.0,0.0,12.84164324585202,13.21376392902584,0.0,0.0,0,0.0,1,10.21305478968141,0.0,0.0,12.84164324585202,13.21376392902584,0.0,0.0,0.0,0,18.6899557649072,4.736862953800049,0.0,12.84164324585202,0.0,0.0,0,40.73,4.944444444444445,0.0,0.0,0.0,0.0,0.0,2.555555555555555,2.0,0,0,0,0,0,0,0,1554,0,0,0,0,0,1,0,0,0,0,0,0,0,0,4.944444444444445,0.7929589039001408,4.944444444444445,-0.3648713520875809,1.0,0.4581476917872643,1.0,-0.7929589039001408,0,0,0,0,0,0,0,0,0,0,0,0,0,0,0,0,0,0,0,0,0,0,0,0,0,0,0,0,0,0,0,0,1,0,0,0,1,0,0,0,1
9,Polystyrene,2.59,72.45,2.59,72.45,1.0,31.5,0.5,10.0,1,Acetonitrile,Tetrahydrofuran,50.5,5.0,0,300.0,0,4.558867538860889,33.11941547876375,6.242640687119286,3.914213562373095,5.183889010710011,2.800957066939604,1.543086014632321,0.8273502691896256,0.5103103630798287,5.183889010710011,2.800957066939604,1.543086014632321,0.8273502691896256,0.5103103630798287,0.0,0.0,0.0,13.21376392902584,19.76538044554265,6.069221312792274,0.0,0.0,9.998754508538536,0.0,113.084063972,1.5,-0.55,8,102.072,1554,5.651612903225807,2.9003121748179,2.10836368366285,51.4385642706919,1.32668,31.34,113.16,0,2,0,1,1554,2,0,2,0,0,1,46,4.736862953800049,0.0,0,5.261891554738487,0.0,0.0,12.84164324585202,20.13750112871647,6.069221312792274,0.0,0,0.0,1,4.736862953800049,5.261891554738487,0.0,19.76538044554265,13.21376392902584,0.0,6.069221312792274,0.0,0,13.21376392902584,4.736862953800049,11.33111286753076,19.76538044554265,0.0,0.0,0,33.02,4.944444444444445,0.0,7.319444444444445,0.0,0.0,1.75,2.555555555555555,3.430555555555556,0,0,0,0,0,1,0,1554,0,0,0,0,0,1,0,0,0,1,0,0,0,0,12.26388888888889,0.5801078078892417,12.26388888888889,0.1053529936210908,2.430555555555556,0.1053529936210908,2.430555555555556,-0.5801078078892417,0,0,0,0,0,0,0,0,0,0,0,0,0,0,0,0,1,0,0,0,0,0,0,0,0,0,0,0,0,0,0,0,0,0,0,0,1,0,0,0,1
9,Polystyrene,2.59,72.45,2.59,72.45,1.0,41.0,0.5,10.0,1,Acetonitrile,Tetrahydrofuran,53.0,5.0,0,300.0,0,4.558867538860889,33.11941547876375,6.242640687119286,3.914213562373095,5.183889010710011,2.800957066939604,1.543086014632321,0.8273502691896256,0.5103103630798287,5.183889010710011,2.800957066939604,1.543086014632321,0.8273502691896256,0.5103103630798287,0.0,0.0,0.0,13.21376392902584,19.76538044554265,6.069221312792274,0.0,0.0,9.998754508538536,0.0,113.084063972,1.5,-0.55,8,102.072,1554,5.651612903225807,2.9003121748179,2.10836368366285,51.4385642706919,1.32668,31.34,113.16,0,2,0,1,1554,2,0,2,0,0,1,46,4.736862953800049,0.0,0,5.261891554738487,0.0,0.0,12.84164324585202,20.13750112871647,6.069221312792274,0.0,0,0.0,1,4.736862953800049,5.261891554738487,0.0,19.76538044554265,13.21376392902584,0.0,6.069221312792274,0.0,0,13.21376392902584,4.736862953800049,11.33111286753076,19.76538044554265,0.0,0.0,0,33.02,4.944444444444445,0.0,7.319444444444445,0.0,0.0,1.75,2.555555555555555,3.430555555555556,0,0,0,0,0,1,0,1554,0,0,0,0,0,1,0,0,0,1,0,0,0,0,12.26388888888889,0.5801078078892417,12.26388888888889,0.1053529936210908,2.430555555555556,0.1053529936210908,2.430555555555556,-0.5801078078892417,0,0,0,0,0,0,0,0,0,0,0,0,0,0,0,0,1,0,0,0,0,0,0,0,0,0,0,0,0,0,0,0,0,0,0,0,1,0,0,0,1
9,Polystyrene,2.59,72.45,2.59,72.45,1.0,54.0,0.5,10.0,1,Acetonitrile,Tetrahydrofuran,53.0,5.0,0,300.0,0,4.558867538860889,33.11941547876375,6.242640687119286,3.914213562373095,5.183889010710011,2.800957066939604,1.543086014632321,0.8273502691896256,0.5103103630798287,5.183889010710011,2.800957066939604,1.543086014632321,0.8273502691896256,0.5103103630798287,0.0,0.0,0.0,13.21376392902584,19.76538044554265,6.069221312792274,0.0,0.0,9.998754508538536,0.0,113.084063972,1.5,-0.55,8,102.072,1554,5.651612903225807,2.9003121748179,2.10836368366285,51.4385642706919,1.32668,31.34,113.16,0,2,0,1,1554,2,0,2,0,0,1,46,4.736862953800049,0.0,0,5.261891554738487,0.0,0.0,12.84164324585202,20.13750112871647,6.069221312792274,0.0,0,0.0,1,4.736862953800049,5.261891554738487,0.0,19.76538044554265,13.21376392902584,0.0,6.069221312792274,0.0,0,13.21376392902584,4.736862953800049,11.33111286753076,19.76538044554265,0.0,0.0,0,33.02,4.944444444444445,0.0,7.319444444444445,0.0,0.0,1.75,2.555555555555555,3.430555555555556,0,0,0,0,0,1,0,1554,0,0,0,0,0,1,0,0,0,1,0,0,0,0,12.26388888888889,0.5801078078892417,12.26388888888889,0.1053529936210908,2.430555555555556,0.1053529936210908,2.430555555555556,-0.5801078078892417,0,0,0,0,0,0,0,0,0,0,0,0,0,0,0,0,1,0,0,0,0,0,0,0,0,0,0,0,0,0,0,0,0,0,0,0,1,0,0,0,1
8,Polystyrene,11.0,125.0,11.0,125.0,1.0,140.0,1.0,19.20091247558594,1,Decalin,Cyclohexanone,95.9,26.61364936828613,0,100.0,0,5.097045764879577,291.8842748589694,13.66492593900015,9.164703797946448,13.44528585252355,8.405200495442893,6.898340164346051,5.322100372181535,3.854131565570309,11.17749901446819,7.27130707641521,5.647504130392853,4.34797399065578,3.328089085344364,0.0,0.0,15.06789994122398,11.83581209232279,25.68328649170404,43.88238769708887,0.0,0.0,34.80281967069755,0.0,318.070883712,1.0,0.08999999999999991,19,298.535,1554,13.89422587713317,5.720975791934501,2.960947777731882,132.3532695504825,7.013600000000003,85.38800000000003,319.703,0,0,2,0,1554,0,0,3,0,2,0,106,0.0,0.0,0,0.0,0.0,86.16939265410565,30.03491329770762,5.022633313741326,10.04526662748265,0.0,0,0.0,3,0.0,0.0,11.83581209232279,51.36657298340809,0.0,33.26700114660881,0.0,34.80281967069755,0,0.0,0.0,11.83581209232279,51.36657298340809,18.19910120538483,15.06789994122398,0,0.0,0.0,0.0,1.620030864197532,0.0,2.310185185185185,4.951820987654321,12.35648148148148,0.0,0,0,0,0,0,0,0,1554,0,1,1,0,0,0,0,0,0,0,0,0,0,0,7.157746913580245,0.137308760323044,7.157746913580245,0.02207672691937992,1.645061728395063,0.09924588279934982,1.645061728395063,-0.137308760323044,0,0,0,0,0,0,0,0,0,1,0,0,0,0,0,0,0,0,0,0,0,0,0,0,0,0,0,0,0,0,0,0,0,0,0,0,1,0,1,0,0
10,Polystyrene,3.4,131.2,3.4,131.2,2.0,30.0,0.5,10.0,1,Cyclohexane,Tetrahydrofuran,82.2,5.0,5,300.0,300,4.083333333333333,27.11941547876375,7.778174593052023,5.5,7.479316102329338,5.077350269189624,3.440799560441984,2.327350269189626,1.57097053485965,7.479316102329338,5.077350269189624,3.440799560441984,2.327350269189626,1.57097053485965,0.0,0.0,0.0,13.21376392902584,51.36657298340808,0.0,0.0,0.0,4.736862953800049,0.0,156.15141526,2.0,-0.04,11,136.109,1554,7.328279569892473,3.63253439704012,1.618363683662851,71.4999218932804,3.1374,47.75499999999998,156.269,0,1,1,1,1554,1,0,1,0,1,1,66,4.736862953800049,0.0,0,0.0,0.0,38.52492973755606,12.84164324585202,13.21376392902584,0.0,0.0,0,0.0,2,4.736862953800049,0.0,0.0,51.36657298340808,13.21376392902584,0.0,0.0,0.0,0,13.21376392902584,4.736862953800049,0.0,51.36657298340808,0.0,0.0,0,9.23,4.944444444444445,0.0,0.0,0.0,0.0,0.0,11.55555555555556,2.0,0,0,0,0,0,0,0,1554,0,0,0,0,0,1,0,0,0,0,0,0,0,0,6.444444444444445,0.4347553547518339,6.444444444444445,-0.006667802939274006,2.5,0.0999441426389574,2.5,-0.4347553547518339,0,0,0,0,0,0,0,0,0,0,0,0,0,0,0,0,0,0,0,1,0,0,0,0,0,0,0,0,0,0,0,0,0,0,0,0,1,0,1,0,0
10,Polystyrene,18.3,78.2,18.3,78.2,2.0,30.0,0.5,10.0,2,Cyclohexane,Tetrahydrofuran,82.2,5.0,5,300.0,300,4.083333333333333,27.11941547876375,7.778174593052023,5.5,7.479316102329338,5.077350269189624,3.440799560441984,2.327350269189626,1.57097053485965,7.479316102329338,5.077350269189624,3.440799560441984,2.327350269189626,1.57097053485965,0.0,0.0,0.0,13.21376392902584,51.36657298340808,0.0,0.0,0.0,4.736862953800049,0.0,156.15141526,2.0,-0.04,11,136.109,1554,7.328279569892473,3.63253439704012,1.618363683662851,71.4999218932804,3.1374,47.75499999999998,156.269,0,1,1,1,1554,1,0,1,0,1,1,66,4.736862953800049,0.0,0,0.0,0.0,38.52492973755606,12.84164324585202,13.21376392902584,0.0,0.0,0,0.0,2,4.736862953800049,0.0,0.0,51.36657298340808,13.21376392902584,0.0,0.0,0.0,0,13.21376392902584,4.736862953800049,0.0,51.36657298340808,0.0,0.0,0,9.23,4.944444444444445,0.0,0.0,0.0,0.0,0.0,11.55555555555556,2.0,0,0,0,0,0,0,0,1554,0,0,0,0,0,1,0,0,0,0,0,0,0,0,6.444444444444445,0.4347553547518339,6.444444444444445,-0.006667802939274006,2.5,0.0999441426389574,2.5,-0.4347553547518339,0,0,0,0,0,0,0,0,0,0,0,0,0,0,0,0,0,0,0,1,0,0,0,0,0,0,0,0,0,0,0,0,0,0,0,0,1,0,1,0,0
10,Polystyrene,0.56,32.0,0.56,32.0,1.0,23.0,0.8,11.70121002197266,2,Hexane,Tetrahydrofuran,51.0,5.0,0,100.0,0,4.422425648309624,23.60964047443681,8.363961030678928,5.414213562373095,8.065102539956243,4.99156383156272,3.026585998068889,1.784457050376173,1.010310363079828,8.065102539956243,4.99156383156272,3.026585998068889,1.784457050376173,1.010310363079828,0.0,0.0,0.0,13.21376392902584,38.52492973755606,0.0,0.0,13.84747439938125,4.736862953800049,0.0,158.167065324,2.0,-0.04,11,136.109,1554,9.161612903225805,6.410312174817898,4.618363683662851,72.50575304680962,3.383400000000001,49.86899999999999,158.285,0,1,0,1,1554,1,0,1,3,0,1,68,4.736862953800049,0.0,0,0.0,0.0,39.53076089108528,12.84164324585202,13.21376392902584,0.0,0.0,0,0.0,1,4.736862953800049,0.0,0.0,52.3724041369373,13.21376392902584,0.0,0.0,0.0,0,13.21376392902584,4.736862953800049,0.0,52.3724041369373,0.0,0.0,0,9.23,4.944444444444445,0.0,0.0,0.0,0.0,0.0,8.091944444444444,6.463611111111111,0,0,0,0,0,0,0,1554,0,0,0,0,0,1,0,0,0,0,0,0,0,3,7.17625,0.4468317665608418,7.17625,-0.00694053240252674,2.355,0.1002168721022101,2.355,-0.4468317665608418,0,0,0,0,0,0,0,0,0,0,0,0,0,0,0,0,0,0,0,1,0,0,0,0,0,0,0,0,0,0,0,0,0,0,0,0,1,0,1,0,0
9,Polystyrene,0.58,33.0,0.58,33.0,1.0,30.0,0.5,100.0,2,Tetrahydrofuran,Water,88.5,5.0,0,100.0,0,2.083333333333333,11.60964047443681,3.535533905932738,2.5,3.736675415210053,2.077350269189625,1.319479216882342,0.8273502691896256,0.5103103630798287,3.736675415210053,2.077350269189625,1.319479216882342,0.8273502691896256,0.5103103630798287,0.0,5.476191835881363,0.0,13.21376392902584,12.84164324585202,0.0,0.0,0.0,4.736862953800049,0.0,90.06807956,1.0,-0.08,6,80.042,1554,4.121612903225808,-25.62968782518213,-103.4216363163373,38.79102263531512,-0.02790000000000004,23.6668,90.122,2,2,0,1,1554,1,0,2,0,0,1,38,10.21305478968141,0.0,0,0.0,0.0,0.0,12.84164324585202,13.21376392902584,0.0,0.0,0,0.0,1,10.21305478968141,0.0,0.0,12.84164324585202,13.21376392902584,0.0,0.0,0.0,0,18.6899557649072,4.736862953800049,0.0,12.84164324585202,0.0,0.0,0,40.73,4.944444444444445,0.0,0.0,0.0,0.0,0.0,2.555555555555555,2.0,0,0,0,0,0,0,0,1554,0,0,0,0,0,1,0,0,0,0,0,0,0,0,4.944444444444445,0.7929589039001408,4.944444444444445,-0.3648713520875809,1.0,0.4581476917872643,1.0,-0.7929589039001408,0,0,0,0,0,0,0,0,0,0,0,0,0,0,0,0,0,0,0,0,0,0,0,0,0,0,0,0,1,0,0,0,0,0,0,0,1,0,0,0,1
9,Polystyrene,3.3,13.4,3.3,13.4,1.0,44.0,0.5,100.0,1,Hexane,Tetrahydrofuran,59.0,5.0,0,50.0,0,4.422425648309624,23.60964047443681,8.363961030678928,5.414213562373095,8.065102539956243,4.99156383156272,3.026585998068889,1.784457050376173,1.010310363079828,8.065102539956243,4.99156383156272,3.026585998068889,1.784457050376173,1.010310363079828,0.0,0.0,0.0,13.21376392902584,38.52492973755606,0.0,0.0,13.84747439938125,4.736862953800049,0.0,158.167065324,2.0,-0.04,11,136.109,1554,9.161612903225805,6.410312174817898,4.618363683662851,72.50575304680962,3.383400000000001,49.86899999999999,158.285,0,1,0,1,1554,1,0,1,3,0,1,68,4.736862953800049,0.0,0,0.0,0.0,39.53076089108528,12.84164324585202,13.21376392902584,0.0,0.0,0,0.0,1,4.736862953800049,0.0,0.0,52.3724041369373,13.21376392902584,0.0,0.0,0.0,0,13.21376392902584,4.736862953800049,0.0,52.3724041369373,0.0,0.0,0,9.23,4.944444444444445,0.0,0.0,0.0,0.0,0.0,8.091944444444444,6.463611111111111,0,0,0,0,0,0,0,1554,0,0,0,0,0,1,0,0,0,0,0,0,0,3,7.17625,0.4468317665608418,7.17625,-0.00694053240252674,2.355,0.1002168721022101,2.355,-0.4468317665608418,0,0,0,0,0,0,0,0,0,0,0,0,0,0,0,0,0,0,0,1,0,0,0,0,0,0,0,0,0,0,0,0,0,0,0,0,1,0,1,0,0
9,Polystyrene,3.3,13.4,3.3,13.4,1.0,58.3,0.5,100.0,1,Hexane,Tetrahydrofuran,59.0,5.0,0,50.0,0,4.422425648309624,23.60964047443681,8.363961030678928,5.414213562373095,8.065102539956243,4.99156383156272,3.026585998068889,1.784457050376173,1.010310363079828,8.065102539956243,4.99156383156272,3.026585998068889,1.784457050376173,1.010310363079828,0.0,0.0,0.0,13.21376392902584,38.52492973755606,0.0,0.0,13.84747439938125,4.736862953800049,0.0,158.167065324,2.0,-0.04,11,136.109,1554,9.161612903225805,6.410312174817898,4.618363683662851,72.50575304680962,3.383400000000001,49.86899999999999,158.285,0,1,0,1,1554,1,0,1,3,0,1,68,4.736862953800049,0.0,0,0.0,0.0,39.53076089108528,12.84164324585202,13.21376392902584,0.0,0.0,0,0.0,1,4.736862953800049,0.0,0.0,52.3724041369373,13.21376392902584,0.0,0.0,0.0,0,13.21376392902584,4.736862953800049,0.0,52.3724041369373,0.0,0.0,0,9.23,4.944444444444445,0.0,0.0,0.0,0.0,0.0,8.091944444444444,6.463611111111111,0,0,0,0,0,0,0,1554,0,0,0,0,0,1,0,0,0,0,0,0,0,3,7.17625,0.4468317665608418,7.17625,-0.00694053240252674,2.355,0.1002168721022101,2.355,-0.4468317665608418,0,0,0,0,0,0,0,0,0,0,0,0,0,0,0,0,0,0,0,1,0,0,0,0,0,0,0,0,0,0,0,0,0,0,0,0,1,0,1,0,0
9,Polystyrene,3.3,13.4,3.3,13.4,1.0,29.0,3.0,1000.0,1,Hexane,Tetrahydrofuran,55.0,5.0,0,100.0,0,4.422425648309624,23.60964047443681,8.363961030678928,5.414213562373095,8.065102539956243,4.99156383156272,3.026585998068889,1.784457050376173,1.010310363079828,8.065102539956243,4.99156383156272,3.026585998068889,1.784457050376173,1.010310363079828,0.0,0.0,0.0,13.21376392902584,38.52492973755606,0.0,0.0,13.84747439938125,4.736862953800049,0.0,158.167065324,2.0,-0.04,11,136.109,1554,9.161612903225805,6.410312174817898,4.618363683662851,72.50575304680962,3.383400000000001,49.86899999999999,158.285,0,1,0,1,1554,1,0,1,3,0,1,68,4.736862953800049,0.0,0,0.0,0.0,39.53076089108528,12.84164324585202,13.21376392902584,0.0,0.0,0,0.0,1,4.736862953800049,0.0,0.0,52.3724041369373,13.21376392902584,0.0,0.0,0.0,0,13.21376392902584,4.736862953800049,0.0,52.3724041369373,0.0,0.0,0,9.23,4.944444444444445,0.0,0.0,0.0,0.0,0.0,8.091944444444444,6.463611111111111,0,0,0,0,0,0,0,1554,0,0,0,0,0,1,0,0,0,0,0,0,0,3,7.17625,0.4468317665608418,7.17625,-0.00694053240252674,2.355,0.1002168721022101,2.355,-0.4468317665608418,0,0,0,0,0,0,0,0,0,0,0,0,0,0,0,0,0,0,0,1,0,0,0,0,0,0,0,0,0,0,0,0,0,0,0,0,1,0,1,0,0
9,Polystyrene,3.3,13.4,3.3,13.4,1.0,52.3,3.0,1000.0,1,Hexane,Tetrahydrofuran,55.0,5.0,0,100.0,0,4.422425648309624,23.60964047443681,8.363961030678928,5.414213562373095,8.065102539956243,4.99156383156272,3.026585998068889,1.784457050376173,1.010310363079828,8.065102539956243,4.99156383156272,3.026585998068889,1.784457050376173,1.010310363079828,0.0,0.0,0.0,13.21376392902584,38.52492973755606,0.0,0.0,13.84747439938125,4.736862953800049,0.0,158.167065324,2.0,-0.04,11,136.109,1554,9.161612903225805,6.410312174817898,4.618363683662851,72.50575304680962,3.383400000000001,49.86899999999999,158.285,0,1,0,1,1554,1,0,1,3,0,1,68,4.736862953800049,0.0,0,0.0,0.0,39.53076089108528,12.84164324585202,13.21376392902584,0.0,0.0,0,0.0,1,4.736862953800049,0.0,0.0,52.3724041369373,13.21376392902584,0.0,0.0,0.0,0,13.21376392902584,4.736862953800049,0.0,52.3724041369373,0.0,0.0,0,9.23,4.944444444444445,0.0,0.0,0.0,0.0,0.0,8.091944444444444,6.463611111111111,0,0,0,0,0,0,0,1554,0,0,0,0,0,1,0,0,0,0,0,0,0,3,7.17625,0.4468317665608418,7.17625,-0.00694053240252674,2.355,0.1002168721022101,2.355,-0.4468317665608418,0,0,0,0,0,0,0,0,0,0,0,0,0,0,0,0,0,0,0,1,0,0,0,0,0,0,0,0,0,0,0,0,0,0,0,0,1,0,1,0,0
9,Polystyrene,1.035166263580322,416.0213928222656,1.090054988861084,598.28173828125,1.0,30.0,0.5,100.0,2,Hexane,Tetrahydrofuran,55.0,5.0,0,300.0,0,4.422425648309624,23.60964047443681,8.363961030678928,5.414213562373095,8.065102539956243,4.99156383156272,3.026585998068889,1.784457050376173,1.010310363079828,8.065102539956243,4.99156383156272,3.026585998068889,1.784457050376173,1.010310363079828,0.0,0.0,0.0,13.21376392902584,38.52492973755606,0.0,0.0,13.84747439938125,4.736862953800049,0.0,158.167065324,2.0,-0.04,11,136.109,1554,9.161612903225805,6.410312174817898,4.618363683662851,72.50575304680962,3.383400000000001,49.86899999999999,158.285,0,1,0,1,1554,1,0,1,3,0,1,68,4.736862953800049,0.0,0,0.0,0.0,39.53076089108528,12.84164324585202,13.21376392902584,0.0,0.0,0,0.0,1,4.736862953800049,0.0,0.0,52.3724041369373,13.21376392902584,0.0,0.0,0.0,0,13.21376392902584,4.736862953800049,0.0,52.3724041369373,0.0,0.0,0,9.23,4.944444444444445,0.0,0.0,0.0,0.0,0.0,8.091944444444444,6.463611111111111,0,0,0,0,0,0,0,1554,0,0,0,0,0,1,0,0,0,0,0,0,0,3,7.17625,0.4468317665608418,7.17625,-0.00694053240252674,2.355,0.1002168721022101,2.355,-0.4468317665608418,0,0,0,0,0,0,0,0,0,0,0,0,0,0,0,0,0,0,0,1,0,0,0,0,0,0,0,0,0,0,0,0,0,0,0,0,1,0,1,0,0
6,Polystyrene,2.0,35.0,2.0,35.0,1.26695728302002,25.0,0.4474610388278961,5.012111663818359,0,Acetonitrile,Dichloromethane,52.0,5.321772575378418,0,254.0168762207031,0,4.108527367383008,21.50977500432694,5.414213562373094,2.82842712474619,4.922107214741869,2.327174249224525,1.132744087846969,0.0,0.0,3.41024932270496,1.258129281574828,0.3246220522052001,0.0,0.0,0.0,5.33918526701467,0.0,0.0,6.923737199690624,6.069221312792274,0.0,0.0,28.46377133520352,0.0,124.97990452,1.5,0.06999999999999995,6,120.946,1554,6.070000000000001,4.070000000000002,4.07,48.84255630528777,1.95138,27.86,125.986,0,1,0,0,1554,1,0,3,0,0,0,36,0.0,0.0,0,5.261891554738487,23.20187978046503,0.0,0.0,6.923737199690624,11.40840657980694,0.0,0,0.0,0,0.0,5.261891554738487,0.0,6.923737199690624,5.33918526701467,0.0,6.069221312792274,23.20187978046503,0,5.33918526701467,0.0,11.33111286753076,6.923737199690624,0.0,0.0,0,23.79,0.0,0.0,7.513888888888889,0.0,0.0,1.75,0.0,1.430555555555556,0,0,0,0,0,1,0,1554,0,0,0,0,0,0,0,0,0,1,0,0,0,0,12.08333333333333,0.3077907558270286,12.08333333333333,0.155421214147741,1.625000000000001,0.155421214147741,1.625000000000001,-0.3077907558270286,0,0,0,0,0,0,0,0,0,0,0,0,0,0,0,0,1,0,0,0,0,0,0,0,0,0,0,0,0,0,0,0,0,0,0,0,1,0,0,0,1
8,Polystyrene,10.0,120.0,10.0,120.0,2.0,15.0,0.5,100.0,2,Hexane,Tetrahydrofuran,55.0,5.0,5,300.0,500,4.422425648309624,23.60964047443681,8.363961030678928,5.414213562373095,8.065102539956243,4.99156383156272,3.026585998068889,1.784457050376173,1.010310363079828,8.065102539956243,4.99156383156272,3.026585998068889,1.784457050376173,1.010310363079828,0.0,0.0,0.0,13.21376392902584,38.52492973755606,0.0,0.0,13.84747439938125,4.736862953800049,0.0,158.167065324,2.0,-0.04,11,136.109,1554,9.161612903225805,6.410312174817898,4.618363683662851,72.50575304680962,3.383400000000001,49.86899999999999,158.285,0,1,0,1,1554,1,0,1,3,0,1,68,4.736862953800049,0.0,0,0.0,0.0,39.53076089108528,12.84164324585202,13.21376392902584,0.0,0.0,0,0.0,1,4.736862953800049,0.0,0.0,52.3724041369373,13.21376392902584,0.0,0.0,0.0,0,13.21376392902584,4.736862953800049,0.0,52.3724041369373,0.0,0.0,0,9.23,4.944444444444445,0.0,0.0,0.0,0.0,0.0,8.091944444444444,6.463611111111111,0,0,0,0,0,0,0,1554,0,0,0,0,0,1,0,0,0,0,0,0,0,3,7.17625,0.4468317665608418,7.17625,-0.00694053240252674,2.355,0.1002168721022101,2.355,-0.4468317665608418,0,0,0,0,0,0,0,0,0,0,0,0,0,0,0,0,0,0,0,1,0,0,0,0,0,0,0,0,0,0,0,0,0,0,0,0,1,0,1,0,0
6,Polystyrene,0.786318302154541,1006.400390625,0.637178897857666,875.6385498046875,1.0,43.0,0.5,100.5262603759766,1,Tetrahydrofuran,Hexane,58.0,5.0,0,50.0,0,4.422425648309624,23.60964047443681,8.363961030678928,5.414213562373095,8.065102539956243,4.99156383156272,3.026585998068889,1.784457050376173,1.010310363079828,8.065102539956243,4.99156383156272,3.026585998068889,1.784457050376173,1.010310363079828,0.0,0.0,0.0,13.21376392902584,38.52492973755606,0.0,0.0,13.84747439938125,4.736862953800049,0.0,158.167065324,2.0,-0.04,11,136.109,1554,9.161612903225805,6.410312174817898,4.618363683662851,72.50575304680962,3.383400000000001,49.86899999999999,158.285,0,1,0,1,1554,1,0,1,3,0,1,68,4.736862953800049,0.0,0,0.0,0.0,39.53076089108528,12.84164324585202,13.21376392902584,0.0,0.0,0,0.0,1,4.736862953800049,0.0,0.0,52.3724041369373,13.21376392902584,0.0,0.0,0.0,0,13.21376392902584,4.736862953800049,0.0,52.3724041369373,0.0,0.0,0,9.23,4.944444444444445,0.0,0.0,0.0,0.0,0.0,8.091944444444444,6.463611111111111,0,0,0,0,0,0,0,1554,0,0,0,0,0,1,0,0,0,0,0,0,0,3,7.17625,0.4468317665608418,7.17625,-0.00694053240252674,2.355,0.1002168721022101,2.355,-0.4468317665608418,0,0,0,0,0,0,0,0,0,0,0,0,0,0,0,0,1,0,0,0,0,0,0,0,0,0,0,0,0,0,0,0,0,0,0,0,1,0,0,0,1
9,Polystyrene,0.5,33.0,0.5,33.0,1.0,30.0,0.5,96.25223541259766,1,Tetrahydrofuran,Water,88.5,5.0,0,300.0,0,2.083333333333333,11.60964047443681,3.535533905932738,2.5,3.736675415210053,2.077350269189625,1.319479216882342,0.8273502691896256,0.5103103630798287,3.736675415210053,2.077350269189625,1.319479216882342,0.8273502691896256,0.5103103630798287,0.0,5.476191835881363,0.0,13.21376392902584,12.84164324585202,0.0,0.0,0.0,4.736862953800049,0.0,90.06807956,1.0,-0.08,6,80.042,1554,4.121612903225808,-25.62968782518213,-103.4216363163373,38.79102263531512,-0.02790000000000004,23.6668,90.122,2,2,0,1,1554,1,0,2,0,0,1,38,10.21305478968141,0.0,0,0.0,0.0,0.0,12.84164324585202,13.21376392902584,0.0,0.0,0,0.0,1,10.21305478968141,0.0,0.0,12.84164324585202,13.21376392902584,0.0,0.0,0.0,0,18.6899557649072,4.736862953800049,0.0,12.84164324585202,0.0,0.0,0,40.73,4.944444444444445,0.0,0.0,0.0,0.0,0.0,2.555555555555555,2.0,0,0,0,0,0,0,0,1554,0,0,0,0,0,1,0,0,0,0,0,0,0,0,4.944444444444445,0.7929589039001408,4.944444444444445,-0.3648713520875809,1.0,0.4581476917872643,1.0,-0.7929589039001408,0,0,0,0,0,0,0,0,0,0,0,0,0,0,0,0,0,0,0,0,0,0,0,0,0,0,0,0,1,0,0,0,0,0,0,0,1,0,0,0,1
9,Polystyrene,0.5,125.0,0.5,50.0,1.0,30.0,0.5,83.35124206542969,1,Dimethylformamide,Tetrahydrofuran,82.0,5.0,0,300.0,0,4.058078204724922,13.60964047443681,6.949747468305834,4.414213562373095,6.918675815638511,4.180917720664171,2.453372635910023,1.470207412046769,0.5103103630798287,5.406817923601603,3.111872753014474,1.697443689891569,0.898778840618197,0.5103103630798287,0.0,0.0,11.76000688994068,13.21376392902584,12.84164324585202,0.0,0.0,0.0,27.93874273426508,0.0,170.026520364,2.0,0.5399999999999999,9,158.971,1554,7.741612903225806,4.990312174817898,3.198363683662851,67.65251704298655,2.2608,41.49299999999999,171.067,0,1,0,1,1554,1,0,3,1,0,1,56,4.736862953800049,0.0,0,0.0,23.20187978046503,0.0,12.84164324585202,24.97377081896652,0.0,0.0,0,0.0,1,4.736862953800049,0.0,0.0,12.84164324585202,24.97377081896652,0.0,0.0,23.20187978046503,0,24.97377081896652,4.736862953800049,0.0,12.84164324585202,0.0,0.0,0,9.23,4.944444444444445,0.0,0.0,0.0,1.114197530864198,0.0,2.555555555555555,2.0,0,0,0,0,0,0,0,1554,0,0,0,0,0,1,0,0,0,0,0,0,0,0,9.998456790123456,0.5068728127115344,9.998456790123456,0.0825273732979413,1.557098765432099,0.0825273732979413,1.557098765432099,-0.5068728127115344,0,0,0,0,0,0,0,0,0,0,0,0,0,0,0,0,0,0,0,0,0,0,0,0,0,0,0,0,1,0,0,0,0,0,0,0,1,0,0,0,1
9,Polystyrene,7.0,384.0,7.0,384.0,1.0,33.3,0.5,15.14667510986328,1,Dichloromethane,Acetonitrile,57.0,5.0,0,100.0,0,4.108527367383008,21.50977500432694,5.414213562373094,2.82842712474619,4.922107214741869,2.327174249224525,1.132744087846969,0.0,0.0,3.41024932270496,1.258129281574828,0.3246220522052001,0.0,0.0,0.0,5.33918526701467,0.0,0.0,6.923737199690624,6.069221312792274,0.0,0.0,28.46377133520352,0.0,124.97990452,1.5,0.06999999999999995,6,120.946,1554,6.070000000000001,4.070000000000002,4.07,48.84255630528777,1.95138,27.86,125.986,0,1,0,0,1554,1,0,3,0,0,0,36,0.0,0.0,0,5.261891554738487,23.20187978046503,0.0,0.0,6.923737199690624,11.40840657980694,0.0,0,0.0,0,0.0,5.261891554738487,0.0,6.923737199690624,5.33918526701467,0.0,6.069221312792274,23.20187978046503,0,5.33918526701467,0.0,11.33111286753076,6.923737199690624,0.0,0.0,0,23.79,0.0,0.0,7.513888888888889,0.0,0.0,1.75,0.0,1.430555555555556,0,0,0,0,0,1,0,1554,0,0,0,0,0,0,0,0,0,1,0,0,0,0,12.08333333333333,0.3077907558270286,12.08333333333333,0.155421214147741,1.625000000000001,0.155421214147741,1.625000000000001,-0.3077907558270286,0,0,0,0,0,0,0,0,1,0,0,0,0,0,0,0,0,0,0,0,0,0,0,0,0,0,0,0,0,0,0,0,0,0,0,0,1,0,0,0,1
9,Polystyrene,7.0,384.0,7.0,384.0,1.0,30.4,0.5,14.73188781738281,1,Dichloromethane,Acetonitrile,57.0,7.0,0,500.0,0,4.108527367383008,21.50977500432694,5.414213562373094,2.82842712474619,4.922107214741869,2.327174249224525,1.132744087846969,0.0,0.0,3.41024932270496,1.258129281574828,0.3246220522052001,0.0,0.0,0.0,5.33918526701467,0.0,0.0,6.923737199690624,6.069221312792274,0.0,0.0,28.46377133520352,0.0,124.97990452,1.5,0.06999999999999995,6,120.946,1554,6.070000000000001,4.070000000000002,4.07,48.84255630528777,1.95138,27.86,125.986,0,1,0,0,1554,1,0,3,0,0,0,36,0.0,0.0,0,5.261891554738487,23.20187978046503,0.0,0.0,6.923737199690624,11.40840657980694,0.0,0,0.0,0,0.0,5.261891554738487,0.0,6.923737199690624,5.33918526701467,0.0,6.069221312792274,23.20187978046503,0,5.33918526701467,0.0,11.33111286753076,6.923737199690624,0.0,0.0,0,23.79,0.0,0.0,7.513888888888889,0.0,0.0,1.75,0.0,1.430555555555556,0,0,0,0,0,1,0,1554,0,0,0,0,0,0,0,0,0,1,0,0,0,0,12.08333333333333,0.3077907558270286,12.08333333333333,0.155421214147741,1.625000000000001,0.155421214147741,1.625000000000001,-0.3077907558270286,0,0,0,0,0,0,0,0,0,0,0,0,0,0,0,0,1,0,0,0,0,0,0,0,0,0,0,0,0,0,0,0,0,0,0,0,1,0,0,0,1
9,Polystyrene,3.25,384.0,3.25,384.0,1.0,28.1,1.9,19.04884147644043,1,Dichloromethane,Acetonitrile,57.0,5.0,0,100.0,0,4.108527367383008,21.50977500432694,5.414213562373094,2.82842712474619,4.922107214741869,2.327174249224525,1.132744087846969,0.0,0.0,3.41024932270496,1.258129281574828,0.3246220522052001,0.0,0.0,0.0,5.33918526701467,0.0,0.0,6.923737199690624,6.069221312792274,0.0,0.0,28.46377133520352,0.0,124.97990452,1.5,0.06999999999999995,6,120.946,1554,6.070000000000001,4.070000000000002,4.07,48.84255630528777,1.95138,27.86,125.986,0,1,0,0,1554,1,0,3,0,0,0,36,0.0,0.0,0,5.261891554738487,23.20187978046503,0.0,0.0,6.923737199690624,11.40840657980694,0.0,0,0.0,0,0.0,5.261891554738487,0.0,6.923737199690624,5.33918526701467,0.0,6.069221312792274,23.20187978046503,0,5.33918526701467,0.0,11.33111286753076,6.923737199690624,0.0,0.0,0,23.79,0.0,0.0,7.513888888888889,0.0,0.0,1.75,0.0,1.430555555555556,0,0,0,0,0,1,0,1554,0,0,0,0,0,0,0,0,0,1,0,0,0,0,12.08333333333333,0.3077907558270286,12.08333333333333,0.155421214147741,1.625000000000001,0.155421214147741,1.625000000000001,-0.3077907558270286,0,0,0,0,0,0,0,0,1,0,0,0,0,0,0,0,0,0,0,0,0,0,0,0,0,0,0,0,0,0,0,0,0,0,0,0,1,0,0,0,1
9,Polystyrene,0.7,120.0,0.7,50.0,1.0,30.0,0.5,100.0,2,Dimethylformamide,Tetrahydrofuran,82.0,5.0,0,300.0,0,4.058078204724922,13.60964047443681,6.949747468305834,4.414213562373095,6.918675815638511,4.180917720664171,2.453372635910023,1.470207412046769,0.5103103630798287,5.406817923601603,3.111872753014474,1.697443689891569,0.898778840618197,0.5103103630798287,0.0,0.0,11.76000688994068,13.21376392902584,12.84164324585202,0.0,0.0,0.0,27.93874273426508,0.0,170.026520364,2.0,0.5399999999999999,9,158.971,1554,7.741612903225806,4.990312174817898,3.198363683662851,67.65251704298655,2.2608,41.49299999999999,171.067,0,1,0,1,1554,1,0,3,1,0,1,56,4.736862953800049,0.0,0,0.0,23.20187978046503,0.0,12.84164324585202,24.97377081896652,0.0,0.0,0,0.0,1,4.736862953800049,0.0,0.0,12.84164324585202,24.97377081896652,0.0,0.0,23.20187978046503,0,24.97377081896652,4.736862953800049,0.0,12.84164324585202,0.0,0.0,0,9.23,4.944444444444445,0.0,0.0,0.0,1.114197530864198,0.0,2.555555555555555,2.0,0,0,0,0,0,0,0,1554,0,0,0,0,0,1,0,0,0,0,0,0,0,0,9.998456790123456,0.5068728127115344,9.998456790123456,0.0825273732979413,1.557098765432099,0.0825273732979413,1.557098765432099,-0.5068728127115344,0,0,0,0,0,0,0,0,0,0,0,0,0,0,0,0,0,0,0,0,0,0,0,0,0,0,0,0,1,0,0,0,0,0,0,0,1,0,0,0,1
8,Polystyrene,4.0,30.0,4.0,30.0,2.0,30.0,0.5,10.34503173828125,2,Tetrahydrofuran,Acetonitrile,50.8,5.0,5,300.0,100,4.558867538860889,33.11941547876375,6.242640687119286,3.914213562373095,5.183889010710011,2.800957066939604,1.543086014632321,0.8273502691896256,0.5103103630798287,5.183889010710011,2.800957066939604,1.543086014632321,0.8273502691896256,0.5103103630798287,0.0,0.0,0.0,13.21376392902584,19.76538044554265,6.069221312792274,0.0,0.0,9.998754508538536,0.0,113.084063972,1.5,-0.55,8,102.072,1554,5.651612903225807,2.9003121748179,2.10836368366285,51.4385642706919,1.32668,31.34,113.16,0,2,0,1,1554,2,0,2,0,0,1,46,4.736862953800049,0.0,0,5.261891554738487,0.0,0.0,12.84164324585202,20.13750112871647,6.069221312792274,0.0,0,0.0,1,4.736862953800049,5.261891554738487,0.0,19.76538044554265,13.21376392902584,0.0,6.069221312792274,0.0,0,13.21376392902584,4.736862953800049,11.33111286753076,19.76538044554265,0.0,0.0,0,33.02,4.944444444444445,0.0,7.319444444444445,0.0,0.0,1.75,2.555555555555555,3.430555555555556,0,0,0,0,0,1,0,1554,0,0,0,0,0,1,0,0,0,1,0,0,0,0,12.26388888888889,0.5801078078892417,12.26388888888889,0.1053529936210908,2.430555555555556,0.1053529936210908,2.430555555555556,-0.5801078078892417,0,0,0,0,0,0,0,0,0,0,0,0,0,0,0,0,0,0,0,0,0,0,0,0,0,0,0,0,0,1,0,0,0,0,0,0,1,0,0,0,1
8,Polystyrene,0.58,3000.0,0.58,3000.0,2.0,30.0,0.5,20.0,2,Acetonitrile,Tetrahydrofuran,51.7,5.0,0,300.0,120,4.558867538860889,33.11941547876375,6.242640687119286,3.914213562373095,5.183889010710011,2.800957066939604,1.543086014632321,0.8273502691896256,0.5103103630798287,5.183889010710011,2.800957066939604,1.543086014632321,0.8273502691896256,0.5103103630798287,0.0,0.0,0.0,13.21376392902584,19.76538044554265,6.069221312792274,0.0,0.0,9.998754508538536,0.0,113.084063972,1.5,-0.55,8,102.072,1554,5.651612903225807,2.9003121748179,2.10836368366285,51.4385642706919,1.32668,31.34,113.16,0,2,0,1,1554,2,0,2,0,0,1,46,4.736862953800049,0.0,0,5.261891554738487,0.0,0.0,12.84164324585202,20.13750112871647,6.069221312792274,0.0,0,0.0,1,4.736862953800049,5.261891554738487,0.0,19.76538044554265,13.21376392902584,0.0,6.069221312792274,0.0,0,13.21376392902584,4.736862953800049,11.33111286753076,19.76538044554265,0.0,0.0,0,33.02,4.944444444444445,0.0,7.319444444444445,0.0,0.0,1.75,2.555555555555555,3.430555555555556,0,0,0,0,0,1,0,1554,0,0,0,0,0,1,0,0,0,1,0,0,0,0,12.26388888888889,0.5801078078892417,12.26388888888889,0.1053529936210908,2.430555555555556,0.1053529936210908,2.430555555555556,-0.5801078078892417,0,0,0,0,0,0,0,0,0,0,0,0,0,0,0,0,0,0,0,0,0,0,0,0,0,0,0,0,0,1,0,0,0,0,0,0,1,0,0,0,1
8,Polystyrene,3.1,650.0,3.1,650.0,1.0,25.0,0.5,88.94953918457031,1,Dimethylformamide,Tetrahydrofuran,82.0,5.0,0,178.5054016113281,0,4.058078204724922,13.60964047443681,6.949747468305834,4.414213562373095,6.918675815638511,4.180917720664171,2.453372635910023,1.470207412046769,0.5103103630798287,5.406817923601603,3.111872753014474,1.697443689891569,0.898778840618197,0.5103103630798287,0.0,0.0,11.76000688994068,13.21376392902584,12.84164324585202,0.0,0.0,0.0,27.93874273426508,0.0,170.026520364,2.0,0.5399999999999999,9,158.971,1554,7.741612903225806,4.990312174817898,3.198363683662851,67.65251704298655,2.2608,41.49299999999999,171.067,0,1,0,1,1554,1,0,3,1,0,1,56,4.736862953800049,0.0,0,0.0,23.20187978046503,0.0,12.84164324585202,24.97377081896652,0.0,0.0,0,0.0,1,4.736862953800049,0.0,0.0,12.84164324585202,24.97377081896652,0.0,0.0,23.20187978046503,0,24.97377081896652,4.736862953800049,0.0,12.84164324585202,0.0,0.0,0,9.23,4.944444444444445,0.0,0.0,0.0,1.114197530864198,0.0,2.555555555555555,2.0,0,0,0,0,0,0,0,1554,0,0,0,0,0,1,0,0,0,0,0,0,0,0,9.998456790123456,0.5068728127115344,9.998456790123456,0.0825273732979413,1.557098765432099,0.0825273732979413,1.557098765432099,-0.5068728127115344,0,1,0,0,0,0,0,0,0,0,0,0,0,0,0,0,0,0,0,0,0,0,0,0,0,0,0,0,0,0,0,0,0,0,0,0,1,0,0,0,1
5,Polystyrene,5.246316909790039,404.8984985351562,5.208810329437256,419.9048461914062,2.0,3.0,0.5,13.95811462402344,2,Acetonitrile,Tetrahydrofuran,51.7,5.410624980926514,0,300.0,120,4.558867538860889,33.11941547876375,6.242640687119286,3.914213562373095,5.183889010710011,2.800957066939604,1.543086014632321,0.8273502691896256,0.5103103630798287,5.183889010710011,2.800957066939604,1.543086014632321,0.8273502691896256,0.5103103630798287,0.0,0.0,0.0,13.21376392902584,19.76538044554265,6.069221312792274,0.0,0.0,9.998754508538536,0.0,113.084063972,1.5,-0.55,8,102.072,1554,5.651612903225807,2.9003121748179,2.10836368366285,51.4385642706919,1.32668,31.34,113.16,0,2,0,1,1554,2,0,2,0,0,1,46,4.736862953800049,0.0,0,5.261891554738487,0.0,0.0,12.84164324585202,20.13750112871647,6.069221312792274,0.0,0,0.0,1,4.736862953800049,5.261891554738487,0.0,19.76538044554265,13.21376392902584,0.0,6.069221312792274,0.0,0,13.21376392902584,4.736862953800049,11.33111286753076,19.76538044554265,0.0,0.0,0,33.02,4.944444444444445,0.0,7.319444444444445,0.0,0.0,1.75,2.555555555555555,3.430555555555556,0,0,0,0,0,1,0,1554,0,0,0,0,0,1,0,0,0,1,0,0,0,0,12.26388888888889,0.5801078078892417,12.26388888888889,0.1053529936210908,2.430555555555556,0.1053529936210908,2.430555555555556,-0.5801078078892417,0,0,1,0,0,0,0,0,0,0,0,0,0,0,0,0,0,0,0,0,0,0,0,0,0,0,0,0,0,0,0,0,0,0,0,0,1,0,0,0,1
6,Polystyrene,0.339357852935791,213.1981506347656,0.2076511383056641,224.6798553466797,1.0,30.5,0.5,11.90715789794922,1,Dichloromethane,Acetonitrile,58.0,5.0,0,300.0,0,4.108527367383008,21.50977500432694,5.414213562373094,2.82842712474619,4.922107214741869,2.327174249224525,1.132744087846969,0.0,0.0,3.41024932270496,1.258129281574828,0.3246220522052001,0.0,0.0,0.0,5.33918526701467,0.0,0.0,6.923737199690624,6.069221312792274,0.0,0.0,28.46377133520352,0.0,124.97990452,1.5,0.06999999999999995,6,120.946,1554,6.070000000000001,4.070000000000002,4.07,48.84255630528777,1.95138,27.86,125.986,0,1,0,0,1554,1,0,3,0,0,0,36,0.0,0.0,0,5.261891554738487,23.20187978046503,0.0,0.0,6.923737199690624,11.40840657980694,0.0,0,0.0,0,0.0,5.261891554738487,0.0,6.923737199690624,5.33918526701467,0.0,6.069221312792274,23.20187978046503,0,5.33918526701467,0.0,11.33111286753076,6.923737199690624,0.0,0.0,0,23.79,0.0,0.0,7.513888888888889,0.0,0.0,1.75,0.0,1.430555555555556,0,0,0,0,0,1,0,1554,0,0,0,0,0,0,0,0,0,1,0,0,0,0,12.08333333333333,0.3077907558270286,12.08333333333333,0.155421214147741,1.625000000000001,0.155421214147741,1.625000000000001,-0.3077907558270286,0,0,0,0,0,1,0,0,0,0,0,0,0,0,0,0,0,0,0,0,0,0,0,0,0,0,0,0,0,0,0,0,0,0,0,0,1,0,0,0,1
6,Polystyrene,4.067656993865967,235.9478149414062,4.012383937835693,200.1495971679688,2.0,32.0,0.5,4.370525360107422,1,Acetonitrile,Dichloromethane,51.0,4.86052131652832,0,100.0,300,4.108527367383008,21.50977500432694,5.414213562373094,2.82842712474619,4.922107214741869,2.327174249224525,1.132744087846969,0.0,0.0,3.41024932270496,1.258129281574828,0.3246220522052001,0.0,0.0,0.0,5.33918526701467,0.0,0.0,6.923737199690624,6.069221312792274,0.0,0.0,28.46377133520352,0.0,124.97990452,1.5,0.06999999999999995,6,120.946,1554,6.070000000000001,4.070000000000002,4.07,48.84255630528777,1.95138,27.86,125.986,0,1,0,0,1554,1,0,3,0,0,0,36,0.0,0.0,0,5.261891554738487,23.20187978046503,0.0,0.0,6.923737199690624,11.40840657980694,0.0,0,0.0,0,0.0,5.261891554738487,0.0,6.923737199690624,5.33918526701467,0.0,6.069221312792274,23.20187978046503,0,5.33918526701467,0.0,11.33111286753076,6.923737199690624,0.0,0.0,0,23.79,0.0,0.0,7.513888888888889,0.0,0.0,1.75,0.0,1.430555555555556,0,0,0,0,0,1,0,1554,0,0,0,0,0,0,0,0,0,1,0,0,0,0,12.08333333333333,0.3077907558270286,12.08333333333333,0.155421214147741,1.625000000000001,0.155421214147741,1.625000000000001,-0.3077907558270286,0,0,0,0,0,0,0,0,0,0,0,0,0,0,0,0,0,0,0,1,0,0,0,0,0,0,0,0,0,0,0,0,0,0,0,0,1,0,1,0,0
9,Polystyrene,1.034895420074463,987.1428833007812,1.238378047943115,910.66064453125,1.0,25.0,0.5,25.0,2,Tetrahydrofuran,Water,88.4,5.0,0,300.0,0,2.083333333333333,11.60964047443681,3.535533905932738,2.5,3.736675415210053,2.077350269189625,1.319479216882342,0.8273502691896256,0.5103103630798287,3.736675415210053,2.077350269189625,1.319479216882342,0.8273502691896256,0.5103103630798287,0.0,5.476191835881363,0.0,13.21376392902584,12.84164324585202,0.0,0.0,0.0,4.736862953800049,0.0,90.06807956,1.0,-0.08,6,80.042,1554,4.121612903225808,-25.62968782518213,-103.4216363163373,38.79102263531512,-0.02790000000000004,23.6668,90.122,2,2,0,1,1554,1,0,2,0,0,1,38,10.21305478968141,0.0,0,0.0,0.0,0.0,12.84164324585202,13.21376392902584,0.0,0.0,0,0.0,1,10.21305478968141,0.0,0.0,12.84164324585202,13.21376392902584,0.0,0.0,0.0,0,18.6899557649072,4.736862953800049,0.0,12.84164324585202,0.0,0.0,0,40.73,4.944444444444445,0.0,0.0,0.0,0.0,0.0,2.555555555555555,2.0,0,0,0,0,0,0,0,1554,0,0,0,0,0,1,0,0,0,0,0,0,0,0,4.944444444444445,0.7929589039001408,4.944444444444445,-0.3648713520875809,1.0,0.4581476917872643,1.0,-0.7929589039001408,0,0,0,0,0,0,0,0,0,0,0,0,0,0,0,0,0,0,0,0,0,0,0,0,0,0,0,0,0,0,0,0,1,0,0,0,1,0,0,0,1
9,Polystyrene,3.25,1800.0,3.25,1800.0,1.0,37.2,0.05,21.69343948364258,1,Dichloromethane,Acetonitrile,57.0,7.0,0,500.0,0,4.108527367383008,21.50977500432694,5.414213562373094,2.82842712474619,4.922107214741869,2.327174249224525,1.132744087846969,0.0,0.0,3.41024932270496,1.258129281574828,0.3246220522052001,0.0,0.0,0.0,5.33918526701467,0.0,0.0,6.923737199690624,6.069221312792274,0.0,0.0,28.46377133520352,0.0,124.97990452,1.5,0.06999999999999995,6,120.946,1554,6.070000000000001,4.070000000000002,4.07,48.84255630528777,1.95138,27.86,125.986,0,1,0,0,1554,1,0,3,0,0,0,36,0.0,0.0,0,5.261891554738487,23.20187978046503,0.0,0.0,6.923737199690624,11.40840657980694,0.0,0,0.0,0,0.0,5.261891554738487,0.0,6.923737199690624,5.33918526701467,0.0,6.069221312792274,23.20187978046503,0,5.33918526701467,0.0,11.33111286753076,6.923737199690624,0.0,0.0,0,23.79,0.0,0.0,7.513888888888889,0.0,0.0,1.75,0.0,1.430555555555556,0,0,0,0,0,1,0,1554,0,0,0,0,0,0,0,0,0,1,0,0,0,0,12.08333333333333,0.3077907558270286,12.08333333333333,0.155421214147741,1.625000000000001,0.155421214147741,1.625000000000001,-0.3077907558270286,0,0,0,0,0,0,0,0,0,0,0,0,0,0,0,0,1,0,0,0,0,0,0,0,0,0,0,0,0,0,0,0,0,0,0,0,1,0,0,0,1
9,Polystyrene,2.5,113.0,2.5,113.0,1.0,50.5,0.5,29.65856742858887,1,Dichloromethane,Acetonitrile,55.0,5.0,0,100.0,0,4.108527367383008,21.50977500432694,5.414213562373094,2.82842712474619,4.922107214741869,2.327174249224525,1.132744087846969,0.0,0.0,3.41024932270496,1.258129281574828,0.3246220522052001,0.0,0.0,0.0,5.33918526701467,0.0,0.0,6.923737199690624,6.069221312792274,0.0,0.0,28.46377133520352,0.0,124.97990452,1.5,0.06999999999999995,6,120.946,1554,6.070000000000001,4.070000000000002,4.07,48.84255630528777,1.95138,27.86,125.986,0,1,0,0,1554,1,0,3,0,0,0,36,0.0,0.0,0,5.261891554738487,23.20187978046503,0.0,0.0,6.923737199690624,11.40840657980694,0.0,0,0.0,0,0.0,5.261891554738487,0.0,6.923737199690624,5.33918526701467,0.0,6.069221312792274,23.20187978046503,0,5.33918526701467,0.0,11.33111286753076,6.923737199690624,0.0,0.0,0,23.79,0.0,0.0,7.513888888888889,0.0,0.0,1.75,0.0,1.430555555555556,0,0,0,0,0,1,0,1554,0,0,0,0,0,0,0,0,0,1,0,0,0,0,12.08333333333333,0.3077907558270286,12.08333333333333,0.155421214147741,1.625000000000001,0.155421214147741,1.625000000000001,-0.3077907558270286,0,0,0,0,0,0,0,0,0,0,0,1,0,0,0,0,0,0,0,0,0,0,0,0,0,0,0,0,0,0,0,0,0,0,0,0,1,0,0,0,1
8,Polystyrene,10.2,96.4,10.2,96.4,1.0,33.5,3.0,964.0009155273438,1,Hexane,Tetrahydrofuran,58.0,5.0,0,107.1705093383789,0,4.422425648309624,23.60964047443681,8.363961030678928,5.414213562373095,8.065102539956243,4.99156383156272,3.026585998068889,1.784457050376173,1.010310363079828,8.065102539956243,4.99156383156272,3.026585998068889,1.784457050376173,1.010310363079828,0.0,0.0,0.0,13.21376392902584,38.52492973755606,0.0,0.0,13.84747439938125,4.736862953800049,0.0,158.167065324,2.0,-0.04,11,136.109,1554,9.161612903225805,6.410312174817898,4.618363683662851,72.50575304680962,3.383400000000001,49.86899999999999,158.285,0,1,0,1,1554,1,0,1,3,0,1,68,4.736862953800049,0.0,0,0.0,0.0,39.53076089108528,12.84164324585202,13.21376392902584,0.0,0.0,0,0.0,1,4.736862953800049,0.0,0.0,52.3724041369373,13.21376392902584,0.0,0.0,0.0,0,13.21376392902584,4.736862953800049,0.0,52.3724041369373,0.0,0.0,0,9.23,4.944444444444445,0.0,0.0,0.0,0.0,0.0,8.091944444444444,6.463611111111111,0,0,0,0,0,0,0,1554,0,0,0,0,0,1,0,0,0,0,0,0,0,3,7.17625,0.4468317665608418,7.17625,-0.00694053240252674,2.355,0.1002168721022101,2.355,-0.4468317665608418,0,0,0,0,0,0,0,0,0,0,0,0,0,0,0,0,0,0,0,0,0,0,0,0,0,1,0,0,0,0,0,0,0,0,0,0,1,0,1,0,0
9,Polystyrene,1.2,18.5,1.2,18.5,1.0,25.0,1.0,23.01947784423828,1,Dichloromethane,Acetonitrile,60.0,5.0,0,100.0,0,4.108527367383008,21.50977500432694,5.414213562373094,2.82842712474619,4.922107214741869,2.327174249224525,1.132744087846969,0.0,0.0,3.41024932270496,1.258129281574828,0.3246220522052001,0.0,0.0,0.0,5.33918526701467,0.0,0.0,6.923737199690624,6.069221312792274,0.0,0.0,28.46377133520352,0.0,124.97990452,1.5,0.06999999999999995,6,120.946,1554,6.070000000000001,4.070000000000002,4.07,48.84255630528777,1.95138,27.86,125.986,0,1,0,0,1554,1,0,3,0,0,0,36,0.0,0.0,0,5.261891554738487,23.20187978046503,0.0,0.0,6.923737199690624,11.40840657980694,0.0,0,0.0,0,0.0,5.261891554738487,0.0,6.923737199690624,5.33918526701467,0.0,6.069221312792274,23.20187978046503,0,5.33918526701467,0.0,11.33111286753076,6.923737199690624,0.0,0.0,0,23.79,0.0,0.0,7.513888888888889,0.0,0.0,1.75,0.0,1.430555555555556,0,0,0,0,0,1,0,1554,0,0,0,0,0,0,0,0,0,1,0,0,0,0,12.08333333333333,0.3077907558270286,12.08333333333333,0.155421214147741,1.625000000000001,0.155421214147741,1.625000000000001,-0.3077907558270286,0,0,0,0,0,0,0,0,0,0,0,0,0,0,0,0,0,0,0,0,0,0,0,0,0,0,0,0,0,0,0,0,0,0,0,0,1,0,0,0,1
10,Polystyrene,26.2,96.2,26.2,96.2,1.0,38.8,0.5,50.0,1,Dichloromethane,Acetonitrile,57.0,5.0,0,100.0,0,4.108527367383008,21.50977500432694,5.414213562373094,2.82842712474619,4.922107214741869,2.327174249224525,1.132744087846969,0.0,0.0,3.41024932270496,1.258129281574828,0.3246220522052001,0.0,0.0,0.0,5.33918526701467,0.0,0.0,6.923737199690624,6.069221312792274,0.0,0.0,28.46377133520352,0.0,124.97990452,1.5,0.06999999999999995,6,120.946,1554,6.070000000000001,4.070000000000002,4.07,48.84255630528777,1.95138,27.86,125.986,0,1,0,0,1554,1,0,3,0,0,0,36,0.0,0.0,0,5.261891554738487,23.20187978046503,0.0,0.0,6.923737199690624,11.40840657980694,0.0,0,0.0,0,0.0,5.261891554738487,0.0,6.923737199690624,5.33918526701467,0.0,6.069221312792274,23.20187978046503,0,5.33918526701467,0.0,11.33111286753076,6.923737199690624,0.0,0.0,0,23.79,0.0,0.0,7.513888888888889,0.0,0.0,1.75,0.0,1.430555555555556,0,0,0,0,0,1,0,1554,0,0,0,0,0,0,0,0,0,1,0,0,0,0,12.08333333333333,0.3077907558270286,12.08333333333333,0.155421214147741,1.625000000000001,0.155421214147741,1.625000000000001,-0.3077907558270286,0,0,0,0,0,0,0,0,0,0,0,0,1,0,0,0,0,0,0,0,0,0,0,0,0,0,0,0,0,0,0,0,0,0,0,0,1,0,0,0,1
10,Polystyrene,19.1,80.2,19.1,80.2,1.0,38.8,0.5,50.0,1,Dichloromethane,Acetonitrile,57.0,5.0,0,100.0,0,4.108527367383008,21.50977500432694,5.414213562373094,2.82842712474619,4.922107214741869,2.327174249224525,1.132744087846969,0.0,0.0,3.41024932270496,1.258129281574828,0.3246220522052001,0.0,0.0,0.0,5.33918526701467,0.0,0.0,6.923737199690624,6.069221312792274,0.0,0.0,28.46377133520352,0.0,124.97990452,1.5,0.06999999999999995,6,120.946,1554,6.070000000000001,4.070000000000002,4.07,48.84255630528777,1.95138,27.86,125.986,0,1,0,0,1554,1,0,3,0,0,0,36,0.0,0.0,0,5.261891554738487,23.20187978046503,0.0,0.0,6.923737199690624,11.40840657980694,0.0,0,0.0,0,0.0,5.261891554738487,0.0,6.923737199690624,5.33918526701467,0.0,6.069221312792274,23.20187978046503,0,5.33918526701467,0.0,11.33111286753076,6.923737199690624,0.0,0.0,0,23.79,0.0,0.0,7.513888888888889,0.0,0.0,1.75,0.0,1.430555555555556,0,0,0,0,0,1,0,1554,0,0,0,0,0,0,0,0,0,1,0,0,0,0,12.08333333333333,0.3077907558270286,12.08333333333333,0.155421214147741,1.625000000000001,0.155421214147741,1.625000000000001,-0.3077907558270286,0,0,0,0,0,0,0,0,0,0,0,0,1,0,0,0,0,0,0,0,0,0,0,0,0,0,0,0,0,0,0,0,0,0,0,0,1,0,0,0,1
9,Polystyrene,20.0,93.1,20.0,93.1,1.0,37.0,0.5,50.0,1,Dichloromethane,Acetonitrile,57.0,5.0,0,100.0,0,4.108527367383008,21.50977500432694,5.414213562373094,2.82842712474619,4.922107214741869,2.327174249224525,1.132744087846969,0.0,0.0,3.41024932270496,1.258129281574828,0.3246220522052001,0.0,0.0,0.0,5.33918526701467,0.0,0.0,6.923737199690624,6.069221312792274,0.0,0.0,28.46377133520352,0.0,124.97990452,1.5,0.06999999999999995,6,120.946,1554,6.070000000000001,4.070000000000002,4.07,48.84255630528777,1.95138,27.86,125.986,0,1,0,0,1554,1,0,3,0,0,0,36,0.0,0.0,0,5.261891554738487,23.20187978046503,0.0,0.0,6.923737199690624,11.40840657980694,0.0,0,0.0,0,0.0,5.261891554738487,0.0,6.923737199690624,5.33918526701467,0.0,6.069221312792274,23.20187978046503,0,5.33918526701467,0.0,11.33111286753076,6.923737199690624,0.0,0.0,0,23.79,0.0,0.0,7.513888888888889,0.0,0.0,1.75,0.0,1.430555555555556,0,0,0,0,0,1,0,1554,0,0,0,0,0,0,0,0,0,1,0,0,0,0,12.08333333333333,0.3077907558270286,12.08333333333333,0.155421214147741,1.625000000000001,0.155421214147741,1.625000000000001,-0.3077907558270286,0,0,0,0,0,0,0,0,0,0,0,0,1,0,0,0,0,0,0,0,0,0,0,0,0,0,0,0,0,0,0,0,0,0,0,0,1,0,0,0,1
10,Polystyrene,26.2,96.2,26.2,96.2,1.0,39.2,0.5,50.0,1,Hexane,Tetrahydrofuran,57.0,5.0,0,100.0,0,4.422425648309624,23.60964047443681,8.363961030678928,5.414213562373095,8.065102539956243,4.99156383156272,3.026585998068889,1.784457050376173,1.010310363079828,8.065102539956243,4.99156383156272,3.026585998068889,1.784457050376173,1.010310363079828,0.0,0.0,0.0,13.21376392902584,38.52492973755606,0.0,0.0,13.84747439938125,4.736862953800049,0.0,158.167065324,2.0,-0.04,11,136.109,1554,9.161612903225805,6.410312174817898,4.618363683662851,72.50575304680962,3.383400000000001,49.86899999999999,158.285,0,1,0,1,1554,1,0,1,3,0,1,68,4.736862953800049,0.0,0,0.0,0.0,39.53076089108528,12.84164324585202,13.21376392902584,0.0,0.0,0,0.0,1,4.736862953800049,0.0,0.0,52.3724041369373,13.21376392902584,0.0,0.0,0.0,0,13.21376392902584,4.736862953800049,0.0,52.3724041369373,0.0,0.0,0,9.23,4.944444444444445,0.0,0.0,0.0,0.0,0.0,8.091944444444444,6.463611111111111,0,0,0,0,0,0,0,1554,0,0,0,0,0,1,0,0,0,0,0,0,0,3,7.17625,0.4468317665608418,7.17625,-0.00694053240252674,2.355,0.1002168721022101,2.355,-0.4468317665608418,0,0,0,0,0,0,0,0,0,0,0,0,0,1,0,0,0,0,0,0,0,0,0,0,0,0,0,0,0,0,0,0,0,0,0,0,1,0,1,0,0
10,Polystyrene,19.1,80.2,19.1,80.2,1.0,39.2,0.5,50.0,1,Hexane,Tetrahydrofuran,57.0,5.0,0,100.0,0,4.422425648309624,23.60964047443681,8.363961030678928,5.414213562373095,8.065102539956243,4.99156383156272,3.026585998068889,1.784457050376173,1.010310363079828,8.065102539956243,4.99156383156272,3.026585998068889,1.784457050376173,1.010310363079828,0.0,0.0,0.0,13.21376392902584,38.52492973755606,0.0,0.0,13.84747439938125,4.736862953800049,0.0,158.167065324,2.0,-0.04,11,136.109,1554,9.161612903225805,6.410312174817898,4.618363683662851,72.50575304680962,3.383400000000001,49.86899999999999,158.285,0,1,0,1,1554,1,0,1,3,0,1,68,4.736862953800049,0.0,0,0.0,0.0,39.53076089108528,12.84164324585202,13.21376392902584,0.0,0.0,0,0.0,1,4.736862953800049,0.0,0.0,52.3724041369373,13.21376392902584,0.0,0.0,0.0,0,13.21376392902584,4.736862953800049,0.0,52.3724041369373,0.0,0.0,0,9.23,4.944444444444445,0.0,0.0,0.0,0.0,0.0,8.091944444444444,6.463611111111111,0,0,0,0,0,0,0,1554,0,0,0,0,0,1,0,0,0,0,0,0,0,3,7.17625,0.4468317665608418,7.17625,-0.00694053240252674,2.355,0.1002168721022101,2.355,-0.4468317665608418,0,0,0,0,0,0,0,0,0,0,0,0,0,1,0,0,0,0,0,0,0,0,0,0,0,0,0,0,0,0,0,0,0,0,0,0,1,0,1,0,0
10,Polystyrene,20.0,93.1,20.0,93.1,1.0,38.2,0.5,50.0,1,Hexane,Tetrahydrofuran,57.0,5.0,0,100.0,0,4.422425648309624,23.60964047443681,8.363961030678928,5.414213562373095,8.065102539956243,4.99156383156272,3.026585998068889,1.784457050376173,1.010310363079828,8.065102539956243,4.99156383156272,3.026585998068889,1.784457050376173,1.010310363079828,0.0,0.0,0.0,13.21376392902584,38.52492973755606,0.0,0.0,13.84747439938125,4.736862953800049,0.0,158.167065324,2.0,-0.04,11,136.109,1554,9.161612903225805,6.410312174817898,4.618363683662851,72.50575304680962,3.383400000000001,49.86899999999999,158.285,0,1,0,1,1554,1,0,1,3,0,1,68,4.736862953800049,0.0,0,0.0,0.0,39.53076089108528,12.84164324585202,13.21376392902584,0.0,0.0,0,0.0,1,4.736862953800049,0.0,0.0,52.3724041369373,13.21376392902584,0.0,0.0,0.0,0,13.21376392902584,4.736862953800049,0.0,52.3724041369373,0.0,0.0,0,9.23,4.944444444444445,0.0,0.0,0.0,0.0,0.0,8.091944444444444,6.463611111111111,0,0,0,0,0,0,0,1554,0,0,0,0,0,1,0,0,0,0,0,0,0,3,7.17625,0.4468317665608418,7.17625,-0.00694053240252674,2.355,0.1002168721022101,2.355,-0.4468317665608418,0,0,0,0,0,0,0,0,0,0,0,0,0,1,0,0,0,0,0,0,0,0,0,0,0,0,0,0,0,0,0,0,0,0,0,0,1,0,1,0,0
9,Polystyrene,5.0,50.0,5.0,50.0,1.0,35.0,0.5,10.0,1,Tetrahydrofuran,Acetonitrile,50.0,5.0,0,300.0,0,4.558867538860889,33.11941547876375,6.242640687119286,3.914213562373095,5.183889010710011,2.800957066939604,1.543086014632321,0.8273502691896256,0.5103103630798287,5.183889010710011,2.800957066939604,1.543086014632321,0.8273502691896256,0.5103103630798287,0.0,0.0,0.0,13.21376392902584,19.76538044554265,6.069221312792274,0.0,0.0,9.998754508538536,0.0,113.084063972,1.5,-0.55,8,102.072,1554,5.651612903225807,2.9003121748179,2.10836368366285,51.4385642706919,1.32668,31.34,113.16,0,2,0,1,1554,2,0,2,0,0,1,46,4.736862953800049,0.0,0,5.261891554738487,0.0,0.0,12.84164324585202,20.13750112871647,6.069221312792274,0.0,0,0.0,1,4.736862953800049,5.261891554738487,0.0,19.76538044554265,13.21376392902584,0.0,6.069221312792274,0.0,0,13.21376392902584,4.736862953800049,11.33111286753076,19.76538044554265,0.0,0.0,0,33.02,4.944444444444445,0.0,7.319444444444445,0.0,0.0,1.75,2.555555555555555,3.430555555555556,0,0,0,0,0,1,0,1554,0,0,0,0,0,1,0,0,0,1,0,0,0,0,12.26388888888889,0.5801078078892417,12.26388888888889,0.1053529936210908,2.430555555555556,0.1053529936210908,2.430555555555556,-0.5801078078892417,0,1,0,0,0,0,0,0,0,0,0,0,0,0,0,0,0,0,0,0,0,0,0,0,0,0,0,0,0,0,0,0,0,0,0,0,1,0,0,0,1
10,Polystyrene,2.0,117.0,2.0,117.0,2.0,35.0,0.3,10.0,1,Acetonitrile,Tetrahydrofuran,52.0,5.0,5,100.0,300,4.558867538860889,33.11941547876375,6.242640687119286,3.914213562373095,5.183889010710011,2.800957066939604,1.543086014632321,0.8273502691896256,0.5103103630798287,5.183889010710011,2.800957066939604,1.543086014632321,0.8273502691896256,0.5103103630798287,0.0,0.0,0.0,13.21376392902584,19.76538044554265,6.069221312792274,0.0,0.0,9.998754508538536,0.0,113.084063972,1.5,-0.55,8,102.072,1554,5.651612903225807,2.9003121748179,2.10836368366285,51.4385642706919,1.32668,31.34,113.16,0,2,0,1,1554,2,0,2,0,0,1,46,4.736862953800049,0.0,0,5.261891554738487,0.0,0.0,12.84164324585202,20.13750112871647,6.069221312792274,0.0,0,0.0,1,4.736862953800049,5.261891554738487,0.0,19.76538044554265,13.21376392902584,0.0,6.069221312792274,0.0,0,13.21376392902584,4.736862953800049,11.33111286753076,19.76538044554265,0.0,0.0,0,33.02,4.944444444444445,0.0,7.319444444444445,0.0,0.0,1.75,2.555555555555555,3.430555555555556,0,0,0,0,0,1,0,1554,0,0,0,0,0,1,0,0,0,1,0,0,0,0,12.26388888888889,0.5801078078892417,12.26388888888889,0.1053529936210908,2.430555555555556,0.1053529936210908,2.430555555555556,-0.5801078078892417,0,1,0,0,0,0,0,0,0,0,0,0,0,0,0,0,0,0,0,0,0,0,0,0,0,0,0,0,0,0,0,0,0,0,0,0,1,0,0,0,1
10,Polystyrene,2.0,16.0,2.0,16.0,2.0,35.0,0.3,10.0,1,Acetonitrile,Tetrahydrofuran,52.0,5.0,5,100.0,300,4.558867538860889,33.11941547876375,6.242640687119286,3.914213562373095,5.183889010710011,2.800957066939604,1.543086014632321,0.8273502691896256,0.5103103630798287,5.183889010710011,2.800957066939604,1.543086014632321,0.8273502691896256,0.5103103630798287,0.0,0.0,0.0,13.21376392902584,19.76538044554265,6.069221312792274,0.0,0.0,9.998754508538536,0.0,113.084063972,1.5,-0.55,8,102.072,1554,5.651612903225807,2.9003121748179,2.10836368366285,51.4385642706919,1.32668,31.34,113.16,0,2,0,1,1554,2,0,2,0,0,1,46,4.736862953800049,0.0,0,5.261891554738487,0.0,0.0,12.84164324585202,20.13750112871647,6.069221312792274,0.0,0,0.0,1,4.736862953800049,5.261891554738487,0.0,19.76538044554265,13.21376392902584,0.0,6.069221312792274,0.0,0,13.21376392902584,4.736862953800049,11.33111286753076,19.76538044554265,0.0,0.0,0,33.02,4.944444444444445,0.0,7.319444444444445,0.0,0.0,1.75,2.555555555555555,3.430555555555556,0,0,0,0,0,1,0,1554,0,0,0,0,0,1,0,0,0,1,0,0,0,0,12.26388888888889,0.5801078078892417,12.26388888888889,0.1053529936210908,2.430555555555556,0.1053529936210908,2.430555555555556,-0.5801078078892417,0,1,0,0,0,0,0,0,0,0,0,0,0,0,0,0,0,0,0,0,0,0,0,0,0,0,0,0,0,0,0,0,0,0,0,0,1,0,0,0,1
10,Polystyrene,2.0,16.0,2.0,16.0,2.0,35.0,0.3,10.0,1,Acetonitrile,Tetrahydrofuran,52.0,5.0,5,100.0,300,4.558867538860889,33.11941547876375,6.242640687119286,3.914213562373095,5.183889010710011,2.800957066939604,1.543086014632321,0.8273502691896256,0.5103103630798287,5.183889010710011,2.800957066939604,1.543086014632321,0.8273502691896256,0.5103103630798287,0.0,0.0,0.0,13.21376392902584,19.76538044554265,6.069221312792274,0.0,0.0,9.998754508538536,0.0,113.084063972,1.5,-0.55,8,102.072,1554,5.651612903225807,2.9003121748179,2.10836368366285,51.4385642706919,1.32668,31.34,113.16,0,2,0,1,1554,2,0,2,0,0,1,46,4.736862953800049,0.0,0,5.261891554738487,0.0,0.0,12.84164324585202,20.13750112871647,6.069221312792274,0.0,0,0.0,1,4.736862953800049,5.261891554738487,0.0,19.76538044554265,13.21376392902584,0.0,6.069221312792274,0.0,0,13.21376392902584,4.736862953800049,11.33111286753076,19.76538044554265,0.0,0.0,0,33.02,4.944444444444445,0.0,7.319444444444445,0.0,0.0,1.75,2.555555555555555,3.430555555555556,0,0,0,0,0,1,0,1554,0,0,0,0,0,1,0,0,0,1,0,0,0,0,12.26388888888889,0.5801078078892417,12.26388888888889,0.1053529936210908,2.430555555555556,0.1053529936210908,2.430555555555556,-0.5801078078892417,0,1,0,0,0,0,0,0,0,0,0,0,0,0,0,0,0,0,0,0,0,0,0,0,0,0,0,0,0,0,0,0,0,0,0,0,1,0,0,0,1
8,Polystyrene,0.7832159996032715,987.1428833007812,0.6015067100524902,876.945556640625,2.0,25.0,0.5,90.0964584350586,0,Dichloromethane,Acetonitrile,57.0,5.0,5,100.0,100,4.108527367383008,21.50977500432694,5.414213562373094,2.82842712474619,4.922107214741869,2.327174249224525,1.132744087846969,0.0,0.0,3.41024932270496,1.258129281574828,0.3246220522052001,0.0,0.0,0.0,5.33918526701467,0.0,0.0,6.923737199690624,6.069221312792274,0.0,0.0,28.46377133520352,0.0,124.97990452,1.5,0.06999999999999995,6,120.946,1554,6.070000000000001,4.070000000000002,4.07,48.84255630528777,1.95138,27.86,125.986,0,1,0,0,1554,1,0,3,0,0,0,36,0.0,0.0,0,5.261891554738487,23.20187978046503,0.0,0.0,6.923737199690624,11.40840657980694,0.0,0,0.0,0,0.0,5.261891554738487,0.0,6.923737199690624,5.33918526701467,0.0,6.069221312792274,23.20187978046503,0,5.33918526701467,0.0,11.33111286753076,6.923737199690624,0.0,0.0,0,23.79,0.0,0.0,7.513888888888889,0.0,0.0,1.75,0.0,1.430555555555556,0,0,0,0,0,1,0,1554,0,0,0,0,0,0,0,0,0,1,0,0,0,0,12.08333333333333,0.3077907558270286,12.08333333333333,0.155421214147741,1.625000000000001,0.155421214147741,1.625000000000001,-0.3077907558270286,0,0,0,0,0,0,0,0,0,0,0,0,0,0,0,0,0,0,0,0,0,0,0,0,0,0,0,0,0,0,1,0,0,0,0,0,1,0,0,0,1
9,Polystyrene,2.0,20.0,2.0,20.0,1.0,30.0,0.5,20.0,1,Acetonitrile,Tetrahydrofuran,52.0,5.0,0,300.0,0,4.558867538860889,33.11941547876375,6.242640687119286,3.914213562373095,5.183889010710011,2.800957066939604,1.543086014632321,0.8273502691896256,0.5103103630798287,5.183889010710011,2.800957066939604,1.543086014632321,0.8273502691896256,0.5103103630798287,0.0,0.0,0.0,13.21376392902584,19.76538044554265,6.069221312792274,0.0,0.0,9.998754508538536,0.0,113.084063972,1.5,-0.55,8,102.072,1554,5.651612903225807,2.9003121748179,2.10836368366285,51.4385642706919,1.32668,31.34,113.16,0,2,0,1,1554,2,0,2,0,0,1,46,4.736862953800049,0.0,0,5.261891554738487,0.0,0.0,12.84164324585202,20.13750112871647,6.069221312792274,0.0,0,0.0,1,4.736862953800049,5.261891554738487,0.0,19.76538044554265,13.21376392902584,0.0,6.069221312792274,0.0,0,13.21376392902584,4.736862953800049,11.33111286753076,19.76538044554265,0.0,0.0,0,33.02,4.944444444444445,0.0,7.319444444444445,0.0,0.0,1.75,2.555555555555555,3.430555555555556,0,0,0,0,0,1,0,1554,0,0,0,0,0,1,0,0,0,1,0,0,0,0,12.26388888888889,0.5801078078892417,12.26388888888889,0.1053529936210908,2.430555555555556,0.1053529936210908,2.430555555555556,-0.5801078078892417,0,0,0,0,0,0,0,1,0,0,0,0,0,0,0,0,0,0,0,0,0,0,0,0,0,0,0,0,0,0,0,0,0,0,0,0,1,0,0,0,1
8,Polystyrene,20.7,635.0,20.7,635.0,1.0,25.0,0.5,89.25889587402344,1,Dichloromethane,Acetonitrile,57.0,3.0,0,100.0,0,4.108527367383008,21.50977500432694,5.414213562373094,2.82842712474619,4.922107214741869,2.327174249224525,1.132744087846969,0.0,0.0,3.41024932270496,1.258129281574828,0.3246220522052001,0.0,0.0,0.0,5.33918526701467,0.0,0.0,6.923737199690624,6.069221312792274,0.0,0.0,28.46377133520352,0.0,124.97990452,1.5,0.06999999999999995,6,120.946,1554,6.070000000000001,4.070000000000002,4.07,48.84255630528777,1.95138,27.86,125.986,0,1,0,0,1554,1,0,3,0,0,0,36,0.0,0.0,0,5.261891554738487,23.20187978046503,0.0,0.0,6.923737199690624,11.40840657980694,0.0,0,0.0,0,0.0,5.261891554738487,0.0,6.923737199690624,5.33918526701467,0.0,6.069221312792274,23.20187978046503,0,5.33918526701467,0.0,11.33111286753076,6.923737199690624,0.0,0.0,0,23.79,0.0,0.0,7.513888888888889,0.0,0.0,1.75,0.0,1.430555555555556,0,0,0,0,0,1,0,1554,0,0,0,0,0,0,0,0,0,1,0,0,0,0,12.08333333333333,0.3077907558270286,12.08333333333333,0.155421214147741,1.625000000000001,0.155421214147741,1.625000000000001,-0.3077907558270286,0,0,0,0,0,0,0,0,0,0,0,0,0,0,0,0,0,0,0,0,0,0,0,0,0,0,0,0,0,0,1,0,0,0,0,0,1,0,0,0,1
8,Polystyrene,1.054683685302734,417.9564514160156,1.072967529296875,529.935791015625,1.0,58.5,1.5,25.97595596313477,0,Hexane,Tetrahydrofuran,58.0,5.0,0,300.0,0,4.422425648309624,23.60964047443681,8.363961030678928,5.414213562373095,8.065102539956243,4.99156383156272,3.026585998068889,1.784457050376173,1.010310363079828,8.065102539956243,4.99156383156272,3.026585998068889,1.784457050376173,1.010310363079828,0.0,0.0,0.0,13.21376392902584,38.52492973755606,0.0,0.0,13.84747439938125,4.736862953800049,0.0,158.167065324,2.0,-0.04,11,136.109,1554,9.161612903225805,6.410312174817898,4.618363683662851,72.50575304680962,3.383400000000001,49.86899999999999,158.285,0,1,0,1,1554,1,0,1,3,0,1,68,4.736862953800049,0.0,0,0.0,0.0,39.53076089108528,12.84164324585202,13.21376392902584,0.0,0.0,0,0.0,1,4.736862953800049,0.0,0.0,52.3724041369373,13.21376392902584,0.0,0.0,0.0,0,13.21376392902584,4.736862953800049,0.0,52.3724041369373,0.0,0.0,0,9.23,4.944444444444445,0.0,0.0,0.0,0.0,0.0,8.091944444444444,6.463611111111111,0,0,0,0,0,0,0,1554,0,0,0,0,0,1,0,0,0,0,0,0,0,3,7.17625,0.4468317665608418,7.17625,-0.00694053240252674,2.355,0.1002168721022101,2.355,-0.4468317665608418,0,0,0,0,0,0,0,0,0,0,0,0,0,0,0,0,0,0,0,1,0,0,0,0,0,0,0,0,0,0,0,0,0,0,0,0,1,0,1,0,0
9,Polystyrene,16.4,185.2,16.4,185.2,2.0,19.0,2.0,500.0,2,Dichloromethane,Acetonitrile,58.0,5.0,5,100.0,300,4.108527367383008,21.50977500432694,5.414213562373094,2.82842712474619,4.922107214741869,2.327174249224525,1.132744087846969,0.0,0.0,3.41024932270496,1.258129281574828,0.3246220522052001,0.0,0.0,0.0,5.33918526701467,0.0,0.0,6.923737199690624,6.069221312792274,0.0,0.0,28.46377133520352,0.0,124.97990452,1.5,0.06999999999999995,6,120.946,1554,6.070000000000001,4.070000000000002,4.07,48.84255630528777,1.95138,27.86,125.986,0,1,0,0,1554,1,0,3,0,0,0,36,0.0,0.0,0,5.261891554738487,23.20187978046503,0.0,0.0,6.923737199690624,11.40840657980694,0.0,0,0.0,0,0.0,5.261891554738487,0.0,6.923737199690624,5.33918526701467,0.0,6.069221312792274,23.20187978046503,0,5.33918526701467,0.0,11.33111286753076,6.923737199690624,0.0,0.0,0,23.79,0.0,0.0,7.513888888888889,0.0,0.0,1.75,0.0,1.430555555555556,0,0,0,0,0,1,0,1554,0,0,0,0,0,0,0,0,0,1,0,0,0,0,12.08333333333333,0.3077907558270286,12.08333333333333,0.155421214147741,1.625000000000001,0.155421214147741,1.625000000000001,-0.3077907558270286,0,0,0,0,0,0,0,0,0,0,0,0,0,0,0,0,1,0,0,0,0,0,0,0,0,0,0,0,0,0,0,0,0,0,0,0,1,0,0,0,1
9,Polystyrene,0.58,224.9,0.58,224.9,1.0,30.0,0.691092312335968,15.65969276428223,2,Cyclohexane,Dichloromethane,70.0,5.0,0,100.0,0,3.632993161855452,15.50977500432694,6.949747468305833,4.414213562373095,7.217534306361196,4.603567451474546,3.030457633656631,1.5,1.060660171779821,5.705676414324287,3.534522483824849,2.222335598014863,1.5,1.060660171779821,0.0,5.33918526701467,0.0,0.0,38.52492973755606,0.0,0.0,0.0,23.20187978046503,0.0,168.047255808,2.0,0.58,9,154.983,1554,7.746666666666667,4.802222222222222,3.580000000000001,68.90391392787627,3.7621,44.27499999999998,169.095,0,0,1,0,1554,0,0,2,0,1,0,56,0.0,0.0,0,0.0,23.20187978046503,38.52492973755606,0.0,0.0,5.33918526701467,0.0,0,0.0,1,0.0,0.0,0.0,38.52492973755606,5.33918526701467,0.0,0.0,23.20187978046503,0,5.33918526701467,0.0,0.0,38.52492973755606,0.0,0.0,0,0.0,0.0,0.0,0.1944444444444446,0.0,0.0,0.0,9.0,0.0,0,0,0,0,0,0,0,1554,0,0,0,0,0,0,0,0,0,0,0,0,0,0,6.263888888888888,0.1624383026896209,6.263888888888888,0.04340041758737628,1.694444444444445,0.1500123631656077,1.694444444444445,-0.1624383026896209,0,0,0,1,0,0,0,0,0,0,0,0,0,0,0,0,0,0,0,0,0,0,0,0,0,0,0,0,0,0,0,0,0,0,0,0,1,1,0,0,0
10,Polystyrene,3.7,680.0,0.1,100.0,1.0,25.0,1.0,20.0,1,Hexane,Tetrahydrofuran,53.0,5.0,0,100.0,0,4.422425648309624,23.60964047443681,8.363961030678928,5.414213562373095,8.065102539956243,4.99156383156272,3.026585998068889,1.784457050376173,1.010310363079828,8.065102539956243,4.99156383156272,3.026585998068889,1.784457050376173,1.010310363079828,0.0,0.0,0.0,13.21376392902584,38.52492973755606,0.0,0.0,13.84747439938125,4.736862953800049,0.0,158.167065324,2.0,-0.04,11,136.109,1554,9.161612903225805,6.410312174817898,4.618363683662851,72.50575304680962,3.383400000000001,49.86899999999999,158.285,0,1,0,1,1554,1,0,1,3,0,1,68,4.736862953800049,0.0,0,0.0,0.0,39.53076089108528,12.84164324585202,13.21376392902584,0.0,0.0,0,0.0,1,4.736862953800049,0.0,0.0,52.3724041369373,13.21376392902584,0.0,0.0,0.0,0,13.21376392902584,4.736862953800049,0.0,52.3724041369373,0.0,0.0,0,9.23,4.944444444444445,0.0,0.0,0.0,0.0,0.0,8.091944444444444,6.463611111111111,0,0,0,0,0,0,0,1554,0,0,0,0,0,1,0,0,0,0,0,0,0,3,7.17625,0.4468317665608418,7.17625,-0.00694053240252674,2.355,0.1002168721022101,2.355,-0.4468317665608418,0,0,0,0,0,0,0,0,0,0,0,0,0,0,0,0,0,0,0,1,0,0,0,0,0,0,0,0,0,0,0,0,0,0,0,0,1,0,1,0,0
10,Polystyrene,1.0,1700.0,3.7,100.0,1.0,25.0,1.0,20.0,1,Hexane,Ethyl Acetate,62.15,5.0,0,100.0,0,5.170349424907656,56.0,9.81999095630891,5.684269172402757,8.852030486860464,4.818243768618318,2.631701106875963,1.304707480880239,0.7032631323962852,8.852030486860464,4.818243768618318,2.631701106875963,1.304707480880239,0.7032631323962852,0.0,5.969305287951849,6.606881964512918,0.0,32.60702369139467,6.923737199690624,0.0,18.5843373531813,0.0,4.794537184071822,174.161979944,1.75,-0.53,12,152.108,1554,11.47,7.693713646532438,7.470000000000001,77.67310630038261,3.156000000000001,52.12299999999998,174.284,0,2,0,0,1554,2,0,2,4,0,0,74,4.736862953800049,4.794537184071822,0,0.0,0.0,39.53076089108528,6.923737199690624,6.923737199690624,6.606881964512918,0.0,0,5.969305287951849,0,9.53140013787187,0.0,0.0,53.37823529046653,6.606881964512918,0.0,0.0,5.969305287951849,0,12.57618725246477,9.53140013787187,0.0,53.37823529046653,0.0,0.0,0,26.3,4.402777777777778,9.821527777777778,0.0,0.0,-0.2106481481481479,0.0,5.536388888888888,8.11662037037037,0,0,0,1,1,0,0,1554,0,0,0,0,1,1,0,0,0,0,0,0,0,3,12.05333333333333,0.5315542745725401,12.05333333333333,0.2485340754746223,1.565648148148148,0.3556914799793591,1.144351851851852,-0.5315542745725401,0,0,0,0,0,0,0,0,0,0,0,0,0,0,0,0,0,0,0,1,0,0,0,0,0,0,0,0,0,0,0,0,0,0,0,0,1,0,1,0,0
9,Polystyrene,1.0,13.7,1.0,13.7,1.0,25.0,1.0,18.67739486694336,1,Hexane,Tetrahydrofuran,52.1,5.0,0,100.0,0,4.422425648309624,23.60964047443681,8.363961030678928,5.414213562373095,8.065102539956243,4.99156383156272,3.026585998068889,1.784457050376173,1.010310363079828,8.065102539956243,4.99156383156272,3.026585998068889,1.784457050376173,1.010310363079828,0.0,0.0,0.0,13.21376392902584,38.52492973755606,0.0,0.0,13.84747439938125,4.736862953800049,0.0,158.167065324,2.0,-0.04,11,136.109,1554,9.161612903225805,6.410312174817898,4.618363683662851,72.50575304680962,3.383400000000001,49.86899999999999,158.285,0,1,0,1,1554,1,0,1,3,0,1,68,4.736862953800049,0.0,0,0.0,0.0,39.53076089108528,12.84164324585202,13.21376392902584,0.0,0.0,0,0.0,1,4.736862953800049,0.0,0.0,52.3724041369373,13.21376392902584,0.0,0.0,0.0,0,13.21376392902584,4.736862953800049,0.0,52.3724041369373,0.0,0.0,0,9.23,4.944444444444445,0.0,0.0,0.0,0.0,0.0,8.091944444444444,6.463611111111111,0,0,0,0,0,0,0,1554,0,0,0,0,0,1,0,0,0,0,0,0,0,3,7.17625,0.4468317665608418,7.17625,-0.00694053240252674,2.355,0.1002168721022101,2.355,-0.4468317665608418,0,0,0,0,0,0,0,0,0,0,0,0,0,0,0,0,0,0,0,1,0,0,0,0,0,0,0,0,0,0,0,0,0,0,0,0,1,0,1,0,0
10,Polystyrene,1.8,24.0,1.8,24.0,1.0,25.0,0.5,20.0,2,Hexane,Tetrahydrofuran,55.0,5.0,0,100.0,0,4.422425648309624,23.60964047443681,8.363961030678928,5.414213562373095,8.065102539956243,4.99156383156272,3.026585998068889,1.784457050376173,1.010310363079828,8.065102539956243,4.99156383156272,3.026585998068889,1.784457050376173,1.010310363079828,0.0,0.0,0.0,13.21376392902584,38.52492973755606,0.0,0.0,13.84747439938125,4.736862953800049,0.0,158.167065324,2.0,-0.04,11,136.109,1554,9.161612903225805,6.410312174817898,4.618363683662851,72.50575304680962,3.383400000000001,49.86899999999999,158.285,0,1,0,1,1554,1,0,1,3,0,1,68,4.736862953800049,0.0,0,0.0,0.0,39.53076089108528,12.84164324585202,13.21376392902584,0.0,0.0,0,0.0,1,4.736862953800049,0.0,0.0,52.3724041369373,13.21376392902584,0.0,0.0,0.0,0,13.21376392902584,4.736862953800049,0.0,52.3724041369373,0.0,0.0,0,9.23,4.944444444444445,0.0,0.0,0.0,0.0,0.0,8.091944444444444,6.463611111111111,0,0,0,0,0,0,0,1554,0,0,0,0,0,1,0,0,0,0,0,0,0,3,7.17625,0.4468317665608418,7.17625,-0.00694053240252674,2.355,0.1002168721022101,2.355,-0.4468317665608418,0,0,0,0,0,0,0,0,0,0,0,0,0,0,0,0,0,0,0,0,0,0,0,0,1,0,0,0,0,0,0,0,0,0,0,0,1,0,1,0,0
10,Polystyrene,1.0,135.0,1.0,135.0,1.0,25.0,1.0,20.0,1,Hexane,Tetrahydrofuran,55.8,5.0,0,100.0,0,4.422425648309624,23.60964047443681,8.363961030678928,5.414213562373095,8.065102539956243,4.99156383156272,3.026585998068889,1.784457050376173,1.010310363079828,8.065102539956243,4.99156383156272,3.026585998068889,1.784457050376173,1.010310363079828,0.0,0.0,0.0,13.21376392902584,38.52492973755606,0.0,0.0,13.84747439938125,4.736862953800049,0.0,158.167065324,2.0,-0.04,11,136.109,1554,9.161612903225805,6.410312174817898,4.618363683662851,72.50575304680962,3.383400000000001,49.86899999999999,158.285,0,1,0,1,1554,1,0,1,3,0,1,68,4.736862953800049,0.0,0,0.0,0.0,39.53076089108528,12.84164324585202,13.21376392902584,0.0,0.0,0,0.0,1,4.736862953800049,0.0,0.0,52.3724041369373,13.21376392902584,0.0,0.0,0.0,0,13.21376392902584,4.736862953800049,0.0,52.3724041369373,0.0,0.0,0,9.23,4.944444444444445,0.0,0.0,0.0,0.0,0.0,8.091944444444444,6.463611111111111,0,0,0,0,0,0,0,1554,0,0,0,0,0,1,0,0,0,0,0,0,0,3,7.17625,0.4468317665608418,7.17625,-0.00694053240252674,2.355,0.1002168721022101,2.355,-0.4468317665608418,0,0,0,0,0,0,0,0,0,0,0,0,0,0,0,0,0,0,0,1,0,0,0,0,0,0,0,0,0,0,0,0,0,0,0,0,1,0,1,0,0
8,Polystyrene,3.7,1700.0,3.7,100.0,1.0,25.0,1.0,20.0,1,Dichloromethane,Hexane,69.0,5.0,0,100.0,0,3.972085476831743,12.0,7.535533905932737,4.32842712474619,7.803320743988101,4.517781013847641,2.616244071283536,0.9571067811865472,0.4999999999999998,6.291462851951191,3.448736046197943,1.808122035641768,0.9571067811865472,0.4999999999999998,0.0,5.33918526701467,0.0,0.0,25.68328649170404,0.0,0.0,13.84747439938125,23.20187978046503,0.0,170.062905872,2.0,0.58,9,154.983,1554,9.58,7.58,6.580000000000001,69.90974508140549,4.008100000000001,46.38899999999998,171.111,0,0,0,0,1554,0,0,2,3,0,0,58,0.0,0.0,0,0.0,23.20187978046503,39.53076089108528,0.0,0.0,5.33918526701467,0.0,0,0.0,0,0.0,0.0,0.0,39.53076089108528,5.33918526701467,0.0,0.0,23.20187978046503,0,5.33918526701467,0.0,0.0,39.53076089108528,0.0,0.0,0,0.0,0.0,0.0,0.1944444444444446,0.0,0.0,0.0,5.536388888888888,4.463611111111111,0,0,0,0,0,0,0,1554,0,0,0,0,0,0,0,0,0,0,0,0,0,3,6.995694444444443,0.1745147144986288,6.995694444444443,0.04312768812412354,1.549444444444445,0.1502850926288604,1.549444444444445,-0.1745147144986288,0,0,0,0,0,0,0,0,0,0,0,0,0,0,0,0,0,0,0,1,0,0,0,0,0,0,0,0,0,0,0,0,0,0,0,0,1,0,1,0,0
8,Polystyrene,3.7,1700.0,3.7,100.0,1.0,25.0,1.0,20.0,1,Hexane,Methyl Ethyl Ketone,62.9,5.0,0,100.0,0,5.186471238063963,47.30296890880646,9.112884175122364,5.184269172402757,8.4437821963966,4.678997879384848,2.762675274902432,1.454997739077228,0.4999999999999998,8.4437821963966,4.678997879384848,2.762675274902432,1.454997739077228,0.4999999999999998,0.0,5.783244946364939,6.42082162292601,0.0,25.68328649170404,6.923737199690624,6.923737199690624,13.84747439938125,0.0,4.794537184071822,158.167065324,1.75,-0.33,11,136.109,1554,10.67,6.942479564032698,7.67,72.55956107087573,3.572000000000001,50.78799999999997,158.285,0,1,0,0,1554,1,0,1,4,0,0,68,4.794537184071822,0.0,0,0.0,0.0,46.4544980907759,6.923737199690624,6.42082162292601,0.0,5.783244946364939,0,0.0,0,4.794537184071822,0.0,0.0,59.79905691339254,0.0,0.0,0.0,5.783244946364939,0,5.783244946364939,4.794537184071822,0.0,59.79905691339254,0.0,0.0,0,17.07,0.0,9.8125,0.0,0.0,0.25462962962963,0.0,6.203055555555554,7.89648148148148,0,0,0,1,1,0,0,1554,0,0,0,0,0,0,1,1,0,0,0,0,0,3,12.04430555555555,0.3654247695575361,12.04430555555555,0.07548633027366916,1.60962962962963,0.182643734778406,1.60962962962963,-0.3654247695575361,0,0,0,0,0,0,0,0,0,0,0,0,0,0,0,0,0,0,0,1,0,0,0,0,0,0,0,0,0,0,0,0,0,0,0,0,1,0,1,0,0
8,Polystyrene,0.1,135.0,0.1,100.0,1.0,25.0,1.0,20.0,1,Toluene,Hexane,83.9,5.0,0,100.0,0,5.360557624700377,141.9656602453383,9.941311299868554,6.308060412490446,9.215178470694319,5.324897164896055,3.361807319565799,1.897562516201854,1.034377897417611,9.215178470694319,5.324897164896055,3.361807319565799,1.897562516201854,1.034377897417611,0.0,0.0,0.0,0.0,31.24673798340104,0.0,18.19910120538483,32.90394573599509,0.0,0.0,178.172150704,1.142857142857143,-0.78,13,156.143,1554,10.38077170418006,6.783286039855434,5.038264132411507,84.36030683370616,4.581620000000001,60.99499999999998,178.319,0,0,0,0,1554,0,0,0,3,0,0,74,0.0,0.0,0,0.0,0.0,75.42604772509033,6.923737199690624,0.0,0.0,0.0,0,0.0,1,0.0,0.0,0.0,46.4544980907759,0.0,35.89528683400505,0.0,0.0,0,0.0,0.0,6.923737199690624,45.09421238278227,30.33183534230805,0.0,0,0.0,0.0,0.0,0.0,1.32175925925926,0.0,10.26157407407407,5.536388888888888,6.546944444444444,0,0,0,0,0,0,0,1554,1,1,0,0,0,0,0,0,0,0,0,0,0,3,4.315138888888888,0.1276314703801184,4.315138888888888,-0.09335322857599593,2.67675925925926,0.09335322857599593,2.67675925925926,-0.1276314703801184,0,0,0,0,0,0,0,0,0,0,0,0,0,0,0,0,0,0,0,1,0,0,0,0,0,0,0,0,0,0,0,0,0,0,0,0,1,0,1,0,0
10,Polystyrene,3.4,131.2,3.4,131.2,2.0,30.0,0.5,10.0,2,Tetrahydrofuran,Cyclohexane,82.1,5.0,5,300.0,300,4.083333333333333,27.11941547876375,7.778174593052023,5.5,7.479316102329338,5.077350269189624,3.440799560441984,2.327350269189626,1.57097053485965,7.479316102329338,5.077350269189624,3.440799560441984,2.327350269189626,1.57097053485965,0.0,0.0,0.0,13.21376392902584,51.36657298340808,0.0,0.0,0.0,4.736862953800049,0.0,156.15141526,2.0,-0.04,11,136.109,1554,7.328279569892473,3.63253439704012,1.618363683662851,71.4999218932804,3.1374,47.75499999999998,156.269,0,1,1,1,1554,1,0,1,0,1,1,66,4.736862953800049,0.0,0,0.0,0.0,38.52492973755606,12.84164324585202,13.21376392902584,0.0,0.0,0,0.0,2,4.736862953800049,0.0,0.0,51.36657298340808,13.21376392902584,0.0,0.0,0.0,0,13.21376392902584,4.736862953800049,0.0,51.36657298340808,0.0,0.0,0,9.23,4.944444444444445,0.0,0.0,0.0,0.0,0.0,11.55555555555556,2.0,0,0,0,0,0,0,0,1554,0,0,0,0,0,1,0,0,0,0,0,0,0,0,6.444444444444445,0.4347553547518339,6.444444444444445,-0.006667802939274006,2.5,0.0999441426389574,2.5,-0.4347553547518339,0,0,0,0,0,0,0,0,0,0,0,0,0,0,0,0,0,0,0,1,0,0,0,0,0,0,0,0,0,0,0,0,0,0,0,0,1,0,1,0,0
10,Polystyrene,3.0,11.0,3.9,4.4,1.0,25.0,0.5,25.0,2,Tetrahydrofuran,Water,88.4,5.0,0,300.0,0,2.083333333333333,11.60964047443681,3.535533905932738,2.5,3.736675415210053,2.077350269189625,1.319479216882342,0.8273502691896256,0.5103103630798287,3.736675415210053,2.077350269189625,1.319479216882342,0.8273502691896256,0.5103103630798287,0.0,5.476191835881363,0.0,13.21376392902584,12.84164324585202,0.0,0.0,0.0,4.736862953800049,0.0,90.06807956,1.0,-0.08,6,80.042,1554,4.121612903225808,-25.62968782518213,-103.4216363163373,38.79102263531512,-0.02790000000000004,23.6668,90.122,2,2,0,1,1554,1,0,2,0,0,1,38,10.21305478968141,0.0,0,0.0,0.0,0.0,12.84164324585202,13.21376392902584,0.0,0.0,0,0.0,1,10.21305478968141,0.0,0.0,12.84164324585202,13.21376392902584,0.0,0.0,0.0,0,18.6899557649072,4.736862953800049,0.0,12.84164324585202,0.0,0.0,0,40.73,4.944444444444445,0.0,0.0,0.0,0.0,0.0,2.555555555555555,2.0,0,0,0,0,0,0,0,1554,0,0,0,0,0,1,0,0,0,0,0,0,0,0,4.944444444444445,0.7929589039001408,4.944444444444445,-0.3648713520875809,1.0,0.4581476917872643,1.0,-0.7929589039001408,0,0,0,0,0,0,0,0,0,0,0,0,0,0,0,0,0,0,0,0,0,0,0,0,0,0,0,0,0,0,0,0,1,0,0,0,1,0,0,0,1
10,Polystyrene,3.7,200.0,3.7,200.0,2.0,30.0,1.0,20.0,3,Tetrahydrofuran,Hexane,52.4,7.0,7,300.0,1000,4.422425648309624,23.60964047443681,8.363961030678928,5.414213562373095,8.065102539956243,4.99156383156272,3.026585998068889,1.784457050376173,1.010310363079828,8.065102539956243,4.99156383156272,3.026585998068889,1.784457050376173,1.010310363079828,0.0,0.0,0.0,13.21376392902584,38.52492973755606,0.0,0.0,13.84747439938125,4.736862953800049,0.0,158.167065324,2.0,-0.04,11,136.109,1554,9.161612903225805,6.410312174817898,4.618363683662851,72.50575304680962,3.383400000000001,49.86899999999999,158.285,0,1,0,1,1554,1,0,1,3,0,1,68,4.736862953800049,0.0,0,0.0,0.0,39.53076089108528,12.84164324585202,13.21376392902584,0.0,0.0,0,0.0,1,4.736862953800049,0.0,0.0,52.3724041369373,13.21376392902584,0.0,0.0,0.0,0,13.21376392902584,4.736862953800049,0.0,52.3724041369373,0.0,0.0,0,9.23,4.944444444444445,0.0,0.0,0.0,0.0,0.0,8.091944444444444,6.463611111111111,0,0,0,0,0,0,0,1554,0,0,0,0,0,1,0,0,0,0,0,0,0,3,7.17625,0.4468317665608418,7.17625,-0.00694053240252674,2.355,0.1002168721022101,2.355,-0.4468317665608418,0,0,0,0,0,0,0,0,0,0,0,0,0,0,0,0,0,0,0,1,0,0,0,0,0,0,0,0,0,0,0,0,0,0,0,0,1,0,1,0,0
10,Polystyrene,0.5,600.0,0.5,600.0,1.0,30.0,0.5,100.0,2,Hexane,Tetrahydrofuran,55.0,5.0,0,300.0,0,4.422425648309624,23.60964047443681,8.363961030678928,5.414213562373095,8.065102539956243,4.99156383156272,3.026585998068889,1.784457050376173,1.010310363079828,8.065102539956243,4.99156383156272,3.026585998068889,1.784457050376173,1.010310363079828,0.0,0.0,0.0,13.21376392902584,38.52492973755606,0.0,0.0,13.84747439938125,4.736862953800049,0.0,158.167065324,2.0,-0.04,11,136.109,1554,9.161612903225805,6.410312174817898,4.618363683662851,72.50575304680962,3.383400000000001,49.86899999999999,158.285,0,1,0,1,1554,1,0,1,3,0,1,68,4.736862953800049,0.0,0,0.0,0.0,39.53076089108528,12.84164324585202,13.21376392902584,0.0,0.0,0,0.0,1,4.736862953800049,0.0,0.0,52.3724041369373,13.21376392902584,0.0,0.0,0.0,0,13.21376392902584,4.736862953800049,0.0,52.3724041369373,0.0,0.0,0,9.23,4.944444444444445,0.0,0.0,0.0,0.0,0.0,8.091944444444444,6.463611111111111,0,0,0,0,0,0,0,1554,0,0,0,0,0,1,0,0,0,0,0,0,0,3,7.17625,0.4468317665608418,7.17625,-0.00694053240252674,2.355,0.1002168721022101,2.355,-0.4468317665608418,0,0,0,0,0,0,0,0,0,0,0,0,0,0,0,0,0,0,0,1,0,0,0,0,0,0,0,0,0,0,0,0,0,0,0,0,1,0,1,0,0
9,Polystyrene,10.2,1090.0,10.15974807739258,863.742431640625,2.0,40.5,0.5,100.0,1,Dichloromethane,Acetonitrile,57.0,5.0,5,100.0,100,4.108527367383008,21.50977500432694,5.414213562373094,2.82842712474619,4.922107214741869,2.327174249224525,1.132744087846969,0.0,0.0,3.41024932270496,1.258129281574828,0.3246220522052001,0.0,0.0,0.0,5.33918526701467,0.0,0.0,6.923737199690624,6.069221312792274,0.0,0.0,28.46377133520352,0.0,124.97990452,1.5,0.06999999999999995,6,120.946,1554,6.070000000000001,4.070000000000002,4.07,48.84255630528777,1.95138,27.86,125.986,0,1,0,0,1554,1,0,3,0,0,0,36,0.0,0.0,0,5.261891554738487,23.20187978046503,0.0,0.0,6.923737199690624,11.40840657980694,0.0,0,0.0,0,0.0,5.261891554738487,0.0,6.923737199690624,5.33918526701467,0.0,6.069221312792274,23.20187978046503,0,5.33918526701467,0.0,11.33111286753076,6.923737199690624,0.0,0.0,0,23.79,0.0,0.0,7.513888888888889,0.0,0.0,1.75,0.0,1.430555555555556,0,0,0,0,0,1,0,1554,0,0,0,0,0,0,0,0,0,1,0,0,0,0,12.08333333333333,0.3077907558270286,12.08333333333333,0.155421214147741,1.625000000000001,0.155421214147741,1.625000000000001,-0.3077907558270286,0,0,0,0,0,0,0,0,0,0,0,0,0,0,0,0,0,0,0,0,0,0,0,0,0,0,0,0,0,0,1,0,0,0,0,0,1,0,0,0,1
10,Polystyrene,3.5,3220.0,0.56,135.0,1.0,23.0,0.9,20.0,2,Hexane,Tetrahydrofuran,51.5,5.0,0,100.0,0,4.422425648309624,23.60964047443681,8.363961030678928,5.414213562373095,8.065102539956243,4.99156383156272,3.026585998068889,1.784457050376173,1.010310363079828,8.065102539956243,4.99156383156272,3.026585998068889,1.784457050376173,1.010310363079828,0.0,0.0,0.0,13.21376392902584,38.52492973755606,0.0,0.0,13.84747439938125,4.736862953800049,0.0,158.167065324,2.0,-0.04,11,136.109,1554,9.161612903225805,6.410312174817898,4.618363683662851,72.50575304680962,3.383400000000001,49.86899999999999,158.285,0,1,0,1,1554,1,0,1,3,0,1,68,4.736862953800049,0.0,0,0.0,0.0,39.53076089108528,12.84164324585202,13.21376392902584,0.0,0.0,0,0.0,1,4.736862953800049,0.0,0.0,52.3724041369373,13.21376392902584,0.0,0.0,0.0,0,13.21376392902584,4.736862953800049,0.0,52.3724041369373,0.0,0.0,0,9.23,4.944444444444445,0.0,0.0,0.0,0.0,0.0,8.091944444444444,6.463611111111111,0,0,0,0,0,0,0,1554,0,0,0,0,0,1,0,0,0,0,0,0,0,3,7.17625,0.4468317665608418,7.17625,-0.00694053240252674,2.355,0.1002168721022101,2.355,-0.4468317665608418,0,0,0,0,0,0,0,0,0,0,0,0,0,0,0,0,0,0,0,1,0,0,0,0,0,0,0,0,0,0,0,0,0,0,0,0,1,0,1,0,0
10,Polystyrene,19.1,96.2,19.1,96.2,1.0,38.8,0.5,50.0,1,Dichloromethane,Acetonitrile,57.0,5.0,0,100.0,0,4.108527367383008,21.50977500432694,5.414213562373094,2.82842712474619,4.922107214741869,2.327174249224525,1.132744087846969,0.0,0.0,3.41024932270496,1.258129281574828,0.3246220522052001,0.0,0.0,0.0,5.33918526701467,0.0,0.0,6.923737199690624,6.069221312792274,0.0,0.0,28.46377133520352,0.0,124.97990452,1.5,0.06999999999999995,6,120.946,1554,6.070000000000001,4.070000000000002,4.07,48.84255630528777,1.95138,27.86,125.986,0,1,0,0,1554,1,0,3,0,0,0,36,0.0,0.0,0,5.261891554738487,23.20187978046503,0.0,0.0,6.923737199690624,11.40840657980694,0.0,0,0.0,0,0.0,5.261891554738487,0.0,6.923737199690624,5.33918526701467,0.0,6.069221312792274,23.20187978046503,0,5.33918526701467,0.0,11.33111286753076,6.923737199690624,0.0,0.0,0,23.79,0.0,0.0,7.513888888888889,0.0,0.0,1.75,0.0,1.430555555555556,0,0,0,0,0,1,0,1554,0,0,0,0,0,0,0,0,0,1,0,0,0,0,12.08333333333333,0.3077907558270286,12.08333333333333,0.155421214147741,1.625000000000001,0.155421214147741,1.625000000000001,-0.3077907558270286,0,0,0,0,0,0,0,0,0,0,0,0,1,0,0,0,0,0,0,0,0,0,0,0,0,0,0,0,0,0,0,0,0,0,0,0,1,0,0,0,1
10,Polystyrene,19.1,96.2,19.1,96.2,1.0,39.2,0.5,50.0,1,Hexane,Tetrahydrofuran,57.0,5.0,0,100.0,0,4.422425648309624,23.60964047443681,8.363961030678928,5.414213562373095,8.065102539956243,4.99156383156272,3.026585998068889,1.784457050376173,1.010310363079828,8.065102539956243,4.99156383156272,3.026585998068889,1.784457050376173,1.010310363079828,0.0,0.0,0.0,13.21376392902584,38.52492973755606,0.0,0.0,13.84747439938125,4.736862953800049,0.0,158.167065324,2.0,-0.04,11,136.109,1554,9.161612903225805,6.410312174817898,4.618363683662851,72.50575304680962,3.383400000000001,49.86899999999999,158.285,0,1,0,1,1554,1,0,1,3,0,1,68,4.736862953800049,0.0,0,0.0,0.0,39.53076089108528,12.84164324585202,13.21376392902584,0.0,0.0,0,0.0,1,4.736862953800049,0.0,0.0,52.3724041369373,13.21376392902584,0.0,0.0,0.0,0,13.21376392902584,4.736862953800049,0.0,52.3724041369373,0.0,0.0,0,9.23,4.944444444444445,0.0,0.0,0.0,0.0,0.0,8.091944444444444,6.463611111111111,0,0,0,0,0,0,0,1554,0,0,0,0,0,1,0,0,0,0,0,0,0,3,7.17625,0.4468317665608418,7.17625,-0.00694053240252674,2.355,0.1002168721022101,2.355,-0.4468317665608418,0,0,0,0,0,0,0,0,0,0,0,0,0,1,0,0,0,0,0,0,0,0,0,0,0,0,0,0,0,0,0,0,0,0,0,0,1,0,1,0,0
10,Polystyrene,2.0,117.0,2.0,117.0,2.0,35.0,0.3,10.0,1,Acetonitrile,Tetrahydrofuran,52.0,5.0,5,100.0,300,4.558867538860889,33.11941547876375,6.242640687119286,3.914213562373095,5.183889010710011,2.800957066939604,1.543086014632321,0.8273502691896256,0.5103103630798287,5.183889010710011,2.800957066939604,1.543086014632321,0.8273502691896256,0.5103103630798287,0.0,0.0,0.0,13.21376392902584,19.76538044554265,6.069221312792274,0.0,0.0,9.998754508538536,0.0,113.084063972,1.5,-0.55,8,102.072,1554,5.651612903225807,2.9003121748179,2.10836368366285,51.4385642706919,1.32668,31.34,113.16,0,2,0,1,1554,2,0,2,0,0,1,46,4.736862953800049,0.0,0,5.261891554738487,0.0,0.0,12.84164324585202,20.13750112871647,6.069221312792274,0.0,0,0.0,1,4.736862953800049,5.261891554738487,0.0,19.76538044554265,13.21376392902584,0.0,6.069221312792274,0.0,0,13.21376392902584,4.736862953800049,11.33111286753076,19.76538044554265,0.0,0.0,0,33.02,4.944444444444445,0.0,7.319444444444445,0.0,0.0,1.75,2.555555555555555,3.430555555555556,0,0,0,0,0,1,0,1554,0,0,0,0,0,1,0,0,0,1,0,0,0,0,12.26388888888889,0.5801078078892417,12.26388888888889,0.1053529936210908,2.430555555555556,0.1053529936210908,2.430555555555556,-0.5801078078892417,0,1,0,0,0,0,0,0,0,0,0,0,0,0,0,0,0,0,0,0,0,0,0,0,0,0,0,0,0,0,0,0,0,0,0,0,1,0,0,0,1
